drug_name,drug_SMILES,DB_id
leuprolide,CCNC(=O)C1CCCN1C(=O)C(CCCN=C(N)N)NC(=O)C(CC(C)C)NC(=O)C(CC(C)C)NC(=O)C(CC2=CC=C(C=C2)O)NC(=O)C(CO)NC(=O)C(CC3=CNC4=CC=CC=C43)NC(=O)C(CC5=CN=CN5)NC(=O)C6CCC(=O)N6,DB00007
goserelin-acetate,CC(C)CC(C(=O)NC(CCCN=C(N)N)C(=O)N1CCCC1C(=O)NNC(=O)N)NC(=O)C(COC(C)(C)C)NC(=O)C(CC2=CC=C(C=C2)O)NC(=O)C(CO)NC(=O)C(CC3=CNC4=CC=CC=C43)NC(=O)C(CC5=CN=CN5)NC(=O)C6CCC(=O)N6,DB00014
Desmopressin,C1CC(N(C1)C(=O)C2CSSCCC(=O)NC(C(=O)NC(C(=O)NC(C(=O)NC(C(=O)N2)CC(=O)N)CCC(=O)N)CC3=CC=CC=C3)CC4=CC=C(C=C4)O)C(=O)NC(CCCN=C(N)N)C(=O)NCC(=O)N,DB00035
vasopressin,C1CC(N(C1)C(=O)C2CSSCC(C(=O)NC(C(=O)NC(C(=O)NC(C(=O)NC(C(=O)N2)CC(=O)N)CCC(=O)N)CC3=CC=CC=C3)CC4=CC=C(C=C4)O)N)C(=O)NC(CCCCN)C(=O)NCC(=O)N.C1CC(N(C1)C(=O)C2CSSCC(C(=O)NC(C(=O)NC(C(=O)NC(C(=O)NC(C(=O)N2)CC(=O)N)CCC(=O)N)CC3=CC=CC=C3)CC4=CC=C(C=C4)O)N)C(=O)NC(CCCN=C(N)N)C(=O)NCC(=O)N,DB00067
cyclosporine,CCC1C(=O)N(CC(=O)N(C(C(=O)NC(C(=O)N(C(C(=O)NC(C(=O)NC(C(=O)N(C(C(=O)N(C(C(=O)N(C(C(=O)N(C(C(=O)N1)C(C(C)CC=CC)O)C)C(C)C)C)CC(C)C)C)CC(C)C)C)C)C)CC(C)C)C)C(C)C)CC(C)C)C)C,DB00091
octreotide,CC(C1C(=O)NC(CSSCC(C(=O)NC(C(=O)NC(C(=O)NC(C(=O)N1)CCCCN)CC2=CNC3=CC=CC=C32)CC4=CC=CC=C4)NC(=O)C(CC5=CC=CC=C5)N)C(=O)NC(CO)C(C)O)O,DB00104
cyanocobalamin,CC1=CC2=C(C=C1C)N(C=N2)C3C(C(C(O3)CO)OP(=O)([O-])OC(C)CNC(=O)CCC4(C(C5C6(C(C(C(=C(C7=NC(=CC8=NC(=C(C4=N5)C)C(C8(C)C)CCC(=O)N)C(C7(C)CC(=O)N)CCC(=O)N)C)[N-]6)CCC(=O)N)(C)CC(=O)N)C)CC(=O)N)C)O.[C-]#N.[Co+3],DB00115
Biotin,C1C2C(C(S1)CCCCC(=O)O)NC(=O)N2,DB00121
Choline,C[N+](C)(C)CCO,DB00122
Vitamin C,C(C(C1C(=C(C(=O)O1)O)O)O)O,DB00126
glutamine-(l),C(CC(=O)N)C(C(=O)O)N,DB00130
Adenosine monophosphate,C1=NC(=C2C(=N1)N(C=N2)C3C(C(C(O3)COP(=O)(O)O)O)O)N,DB00131
L-Serine,C(C(C(=O)O)N)O,DB00133
calcitriol,CC(CCCC(C)(C)O)C1CCC2C1(CCCC2=CC=C3CC(CC(C3=C)O)O)C,DB00136
Succinic acid,C(CC(=O)O)C(=O)O,DB00139
Glycine,C(C(=O)O)N,DB00145
Calcidiol,CC(CCCC(C)(C)O)C1CCC2C1(CCCC2=CC=C3CC(CCC3=C)O)C,DB00146
L-Cysteine,C(C(C(=O)O)N)S,DB00151
thiamine,CC1=C(SC=[N+]1CC2=CN=C(N=C2N)C)CCO,DB00152
ergocalciferol,CC(C)C(C)C=CC(C)C1CCC2C1(CCCC2=CC=C3CC(CCC3=C)O)C,DB00153
folic-acid,C1=CC(=CC=C1C(=O)NC(CCC(=O)O)C(=O)O)NCC2=CN=C3C(=N2)C(=O)NC(=N3)N,DB00158
icosapent,CCC=CCC=CCC=CCC=CCC=CCCCC(=O)O,DB00159
retinol,CC1=C(C(CCC1)(C)C)C=CC(=CC=CC(=CCO)C)C,DB00162
Vitamin E,CC1=C(C2=C(CCC(O2)(C)CCCC(C)CCCC(C)CCCC(C)C)C(=C1O)C)C,DB00163
pyridoxine,CC1=NC=C(C(=C1O)CO)CO,DB00165
cholecalciferol,CC(C)CCCC(C)C1CCC2C1(CCCC2=CC=C3CC(CCC3=C)O)C,DB00169
pravastatin,CCC(C)C(=O)OC1CC(C=C2C1C(C(C=C2)C)CCC(CC(CC(=O)O)O)O)O,DB00175
fluvoxamine,COCCCCC(=NOCCN)C1=CC=C(C=C1)C(F)(F)F,DB00176
valsartan,CCCCC(=O)N(CC1=CC=C(C=C1)C2=CC=CC=C2C3=NNN=N3)C(C(C)C)C(=O)O,DB00177
ramipril,CCOC(=O)C(CCC1=CC=CC=C1)NC(C)C(=O)N2C3CCCC3CC2C(=O)O,DB00178
masoprocol,CC(CC1=CC(=C(C=C1)O)O)C(C)CC2=CC(=C(C=C2)O)O,DB00179
flunisolide,CC1(OC2CC3C4CC(C5=CC(=O)C=CC5(C4C(CC3(C2(O1)C(=O)CO)C)O)C)F)C,DB00180
baclofen,C1=CC(=CC=C1C(CC(=O)O)CN)Cl,DB00181
Amphetamine,CC(CC1=CC=CC=C1)N,DB00182
lorazepam,C1=CC=C(C(=C1)C2=NC(C(=O)NC3=C2C=C(C=C3)Cl)O)Cl,DB00186
esmolol,CC(C)NCC(COC1=CC=C(C=C1)CCC(=O)OC)O,DB00187
bortezomib,B(C(CC(C)C)NC(=O)C(CC1=CC=CC=C1)NC(=O)C2=NC=CN=C2)(O)O,DB00188
Ethchlorvynol,CCC(C=CCl)(C#C)O,DB00189
carbidopa,CC(CC1=CC(=C(C=C1)O)O)(C(=O)O)NN,DB00190
phentermine,CC(C)(CC1=CC=CC=C1)N,DB00191
tramadol,CN(C)CC1CCCCC1(C2=CC(=CC=C2)OC)O,DB00193
betaxolol,CC(C)NCC(COC1=CC=C(C=C1)CCOCC2CC2)O,DB00195
fluconazole,C1=CC(=C(C=C1F)F)C(CN2C=NC=N2)(CN3C=NC=N3)O,DB00196
erythromycin,CCC1C(C(C(C(=O)C(CC(C(C(C(C(C(=O)O1)C)OC2CC(C(C(O2)C)O)(C)OC)C)OC3C(C(CC(O3)C)N(C)C)O)(C)O)C)C)O)(C)O,DB00199
Hydroxocobalamin,CC1=CC2=C(C=C1C)N(C=N2)C3C(C(C(O3)CO)OP(=O)([O-])OC(C)CNC(=O)CCC4(C(C5C6(C(C(C(=N6)C(=C7C(C(C(=N7)C=C8C(C(C(=N8)C(=C4[N-]5)C)CCC(=O)N)(C)C)CCC(=O)N)(C)CC(=O)N)C)CCC(=O)N)(C)CC(=O)N)C)CC(=O)N)C)O.[OH-].[Co+3],DB00200
caffeine,CN1C=NC2=C1C(=O)N(C(=O)N2C)C,DB00201
sildenafil,CCCC1=NN(C2=C1N=C(NC2=O)C3=C(C=CC(=C3)S(=O)(=O)N4CCN(CC4)C)OCC)C,DB00203
reserpine,COC1C(CC2CN3CCC4=C(C3CC2C1C(=O)OC)NC5=C4C=CC(=C5)OC)OC(=O)C6=CC(=C(C(=C6)OC)OC)OC,DB00206
azithromycin,CCC1C(C(C(N(CC(CC(C(C(C(C(C(=O)O1)C)OC2CC(C(C(O2)C)O)(C)OC)C)OC3C(C(CC(O3)C)N(C)C)O)(C)O)C)C)C)O)(C)O,DB00207
ticlopidine,C1CN(CC2=C1SC=C2)CC3=CC=CC=C3Cl,DB00208
trospium,C1CC[N+]2(C1)C3CCC2CC(C3)OC(=O)C(C4=CC=CC=C4)(C5=CC=CC=C5)O,DB00209
adapalene,COC1=C(C=C(C=C1)C2=CC3=C(C=C2)C=C(C=C3)C(=O)O)C45CC6CC(C4)CC(C6)C5,DB00210
midodrine,COC1=CC(=C(C=C1)OC)C(CNC(=O)CN)O,DB00211
pantoprazole,COC1=C(C(=NC=C1)CS(=O)C2=NC3=C(N2)C=C(C=C3)OC(F)F)OC,DB00213
torasemide,CC1=CC(=CC=C1)NC2=C(C=NC=C2)S(=O)(=O)NC(=O)NC(C)C,DB00214
citalopram,CN(C)CCCC1(C2=C(CO1)C=C(C=C2)C#N)C3=CC=C(C=C3)F,DB00215
eletriptan,CN1CCCC1CC2=CNC3=C2C=C(C=C3)CCS(=O)(=O)C4=CC=CC=C4,DB00216
moxifloxacin,COc1c2c(cc(c1N3C[C@@H]4CCCN[C@@H]4C3)F)C(=O)C(=CN2C5CC5)C(=O)O,DB00218
glimepiride,CCC1=C(CN(C1=O)C(=O)NCCC2=CC=C(C=C2)S(=O)(=O)NC(=O)NC3CCC(CC3)C)C,DB00222
DIFLORASONE,CC1CC2C3CC(C4=CC(=O)C=CC4(C3(C(CC2(C1(C(=O)CO)O)C)O)F)C)F,DB00223
guanadrel,C1CCC2(CC1)OCC(O2)CN=C(N)N,DB00226
lovastatin,CCC(C)C(=O)OC1CC(C=C2C1C(C(C=C2)C)CCC3CC(CC(=O)O3)O)C,DB00227
pregabalin,CC(C)CC(CC(=O)O)CN,DB00230
Temazepam,CN1C2=C(C=C(C=C2)Cl)C(=NC(C1=O)O)C3=CC=CC=C3,DB00231
methyclothiazide,CN1C(NC2=CC(=C(C=C2S1(=O)=O)S(=O)(=O)N)Cl)CCl,DB00232
aminosalicylate,C1=CC(=C(C=C1N)O)C(=O)O,DB00233
milrinone,CC1=C(C=C(C(=O)N1)C#N)C2=CC=NC=C2,DB00235
butabarbital,CCC(C)C1(C(=O)NC(=O)NC1=O)CC,DB00237
ALCLOMETASONE,CC1CC2C3C(CC4=CC(=O)C=CC4(C3C(CC2(C1(C(=O)CO)O)C)O)C)Cl,DB00240
butalbital,CC(C)CC1(C(=O)NC(=O)NC1=O)CC=C,DB00241
cladribine,C1C(C(OC1N2C=NC3=C(N=C(N=C32)Cl)N)CO)O,DB00242
ranolazine,CC1=C(C(=CC=C1)C)NC(=O)CN2CCN(CC2)CC(COC3=CC=CC=C3OC)O,DB00243
mesalazine,C1=CC(=C(C=C1N)C(=O)O)O,DB00244
Benzatropine,CN1C2CCC1CC(C2)OC(C3=CC=CC=C3)C4=CC=CC=C4,DB00245
ziprasidone,C1CN(CCN1CCC2=C(C=C3C(=C2)CC(=O)N3)Cl)C4=NSC5=CC=CC=C54,DB00246
cabergoline,CCNC(=O)N(CCCN(C)C)C(=O)C1CC2C(CC3=CNC4=CC=CC2=C34)N(C1)CC=C,DB00248
dapsone,C1=CC(=CC=C1N)S(=O)(=O)C2=CC=C(C=C2)N,DB00250
phenytoin,C1=CC=C(C=C1)C2(C(=O)NC(=O)N2)C3=CC=CC=C3,DB00252
medrysone,CC1CC2C3CCC(C3(CC(C2C4(C1=CC(=O)CC4)C)O)C)C(=O)C,DB00253
doxycycline,CC1C2C(C3C(C(=O)C(=C(C3(C(=O)C2=C(C4=C1C=CC=C4O)O)O)O)C(=O)N)N(C)C)O,DB00254
anagrelide,C1C2=C(C=CC(=C2Cl)Cl)N=C3N1CC(=O)N3,DB00261
carmustine,C(CCl)NC(=O)N(CCCl)N=O,DB00262
metoprolol,CC(C)NCC(COC1=CC=C(C=C1)CCOC)O,DB00264
dicoumarol,C1=CC=C2C(=C1)C(=C(C(=O)O2)CC3=C(C4=CC=CC=C4OC3=O)O)O,DB00266
ropinirole,CCCN(CCC)CCC1=C2CC(=O)NC2=CC=C1,DB00268
isradipine,CC1=C(C(C(=C(N1)C)C(=O)OC(C)C)C2=CC=CC3=NON=C32)C(=O)OC,DB00270
topiramate,CC1(OC2COC3(C(C2O1)OC(O3)(C)C)COS(=O)(=O)N)C,DB00273
olmesartan,CCCC1=NC(=C(N1CC2=CC=C(C=C2)C3=CC=CC=C3C4=NNN=N4)C(=O)O)C(C)(C)O,DB00275
Theophylline,CN1C2=C(C(=O)N(C1=O)C)NC=N2,DB00277
liothyronine,C1=CC(=C(C=C1OC2=C(C=C(C=C2I)CC(C(=O)O)N)I)I)O,DB00279
disopyramide,CC(C)N(CCC(C1=CC=CC=C1)(C2=CC=CC=N2)C(=O)N)C(C)C,DB00280
lidocaine,CCN(CC)CC(=O)NC1=C(C=CC=C1C)C,DB00281
pamidronate,C(CN)C(O)(P(=O)(O)O)P(=O)(O)O,DB00282
clemastine,CC(C1=CC=CC=C1)(C2=CC=C(C=C2)Cl)OCCC3CCCN3C,DB00283
acarbose,CC1C(C(C(C(O1)OC2C(OC(C(C2O)O)OC3C(OC(C(C3O)O)O)CO)CO)O)O)NC4C=C(C(C(C4O)O)O)CO,DB00284
venlafaxine,CN(C)CC(C1=CC=C(C=C1)OC)C2(CCCCC2)O,DB00285
Conjugated Estrogens,CC12CCC3C(=CCC4=C3C=CC(=C4)OS(=O)(=O)O)C1CCC2=O,DB00286
travoprost,CC(C)OC(=O)CCCC=CCC1C(CC(C1C=CC(COC2=CC=CC(=C2)C(F)(F)F)O)O)O,DB00287
amcinonide,CC(=O)OCC(=O)C12C(CC3C1(CC(C4(C3CCC5=CC(=O)C=CC54C)F)O)C)OC6(O2)CCCC6,DB00288
atomoxetine,CC1=CC=CC=C1OC(CCNC)C2=CC=CC=C2,DB00289
bleomycin,CC1=C(N=C(N=C1N)C(CC(=O)N)NCC(C(=O)N)N)C(=O)NC(C(C2=CN=CN2)OC3C(C(C(C(O3)CO)O)O)OC4C(C(C(C(O4)CO)O)OC(=O)N)O)C(=O)NC(C)C(C(C)C(=O)NC(C(C)O)C(=O)NCCC5=NC(=CS5)C6=NC(=CS6)C(=O)NCCC[S+](C)C)O,DB00290
Morphine,CN1CCC23C4C1CC5=C2C(=C(C=C5)O)OC3C(C=C4)O,DB00295
bupivacaine,CCCCN1CCCCC1C(=O)NC2=C(C=CC=C2C)C,DB00297
tenofovir-disoproxil,CC(C)OC(=O)OCOP(=O)(COC(C)CN1C=NC2=C(N=CN=C21)N)OCOC(=O)OC(C)C,DB00300
Tranexamic Acid,C1CC(CCC1CN)C(=O)O,DB00302
bexarotene,CC1=CC2=C(C=C1C(=C)C3=CC=C(C=C3)C(=O)O)C(CCC2(C)C)(C)C,DB00307
vindesine,CCC1(CC2CC(C3=C(CCN(C2)C1)C4=CC=CC=C4N3)(C5=C(C=C6C(=C5)C78CCN9C7C(C=CC9)(C(C(C8N6C)(C(=O)N)O)O)CC)OC)C(=O)OC)O,DB00309
chlorthalidone,C1=CC=C2C(=C1)C(=O)NC2(C3=CC(=C(C=C3)Cl)S(=O)(=O)N)O,DB00310
Pentobarbital,CCCC(C)C1(C(=O)NC(=O)NC1=O)CC,DB00312
Valproic Acid,CCCC(CCC)C(=O)O,DB00313
zolmitriptan,CN(C)CCC1=CNC2=C1C=C(C=C2)CC3COC(=O)N3,DB00315
paracetamol,CC(=O)NC1=CC=C(C=C1)O,DB00316
gefitinib,COC1=C(C=C2C(=C1)N=CN=C2NC3=CC(=C(C=C3)F)Cl)OCCCN4CCOCC4,DB00317
Codeine,CN1CCC23C4C1CC5=C2C(=C(C=C5)OC)OC3C(C=C4)O,DB00318
dihydroergotamine,CC1(C(=O)N2C(C(=O)N3CCCC3C2(O1)O)CC4=CC=CC=C4)NC(=O)C5CC6C(CC7=CNC8=CC=CC6=C78)N(C5)C,DB00320
amitriptyline,CN(C)CCC=C1C2=CC=CC=C2CCC3=CC=CC=C31,DB00321
floxuridine,C1C(C(OC1N2C=C(C(=O)NC2=O)F)CO)O,DB00322
Tolcapone,CC1=CC=C(C=C1)C(=O)C2=CC(=C(C(=C2)O)O)[N+](=O)[O-],DB00323
fluorometholone,CC1CC2C3CCC(C3(CC(C2(C4(C1=CC(=O)C=C4)C)F)O)C)(C(=O)C)O,DB00324
Nitroprusside,[C-]#N.[C-]#N.[C-]#N.[C-]#N.[C-]#N.N#[O+].[Fe+2],DB00325
Hydromorphone,CN1CCC23C4C1CC5=C2C(=C(C=C5)O)OC3C(=O)CC4,DB00327
indomethacin,CC1=C(C2=C(N1C(=O)C3=CC=C(C=C3)Cl)C=CC(=C2)OC)CC(=O)O,DB00328
metformin,CN(C)C(=N)N=C(N)N,DB00331
ipratropium,CC(C)[N+]1(C2CCC1CC(C2)OC(=O)C(CO)C3=CC=CC=C3)C,DB00332
olanzapine,CC1=CC2=C(S1)NC3=CC=CC=C3N=C2N4CCN(CC4)C,DB00334
atenolol-(+/-),CC(C)NCC(COC1=CC=C(C=C1)CC(=O)N)O,DB00335
omeprazole,CC1=CN=C(C(=C1OC)C)CS(=O)C2=NC3=C(N2)C=C(C=C3)OC,DB00338
pyrazinamide,C1=CN=C(C=N1)C(=O)N,DB00339
cetirizine,C1CN(CCN1CCOCC(=O)O)C(C2=CC=CC=C2)C3=CC=C(C=C3)Cl,DB00341
diltiazem,CC(=O)OC1C(SC2=CC=CC=C2N(C1=O)CCN(C)C)C3=CC=C(C=C3)OC,DB00343
protriptyline,CNCCCC1C2=CC=CC=C2C=CC3=CC=CC=C13,DB00344
trimethadione,CC1(C(=O)N(C(=O)O1)C)C,DB00347
nitisinone,C1CC(=O)C(C(=O)C1)C(=O)C2=C(C=C(C=C2)C(F)(F)F)[N+](=O)[O-],DB00348
clobazam,CN1C(=O)CC(=O)N(C2=C1C=CC(=C2)Cl)C3=CC=CC=C3,DB00349
minoxidil,C1CCN(CC1)C2=NC(=N)N(C(=C2)N)O,DB00350
megestrol acetate,CC1=CC2C(CCC3(C2CCC3(C(=O)C)OC(=O)C)C)C4(C1=CC(=O)CC4)C,DB00351
thioguanine,C1=NC2=C(N1)C(=S)N=C(N2)N,DB00352
chlorzoxazone,C1=CC2=C(C=C1Cl)NC(=O)O2,DB00356
aminoglutethimide,CCC1(CCC(=O)NC1=O)C2=CC=C(C=C2)N,DB00357
sapropterin,CC(C(C1CNC2=C(N1)C(=O)NC(=N2)N)O)O,DB00360
vinorelbine,CCC1=CC2CC(C3=C(CN(C2)C1)C4=CC=CC=C4N3)(C5=C(C=C6C(=C5)C78CCN9C7C(C=CC9)(C(C(C8N6C)(C(=O)OC)O)OC(=O)C)CC)OC)C(=O)OC,DB00361
clozapine,CN1CCN(CC1)C2=NC3=C(C=CC(=C3)Cl)NC4=CC=CC=C42,DB00363
sucralfate,C(C1C(C(C(C(O1)OC2(C(C(C(O2)COS(=O)(=O)O[Al])OS(=O)(=O)O[Al])OS(=O)(=O)O[Al])COS(=O)(=O)O[Al])OS(=O)(=O)O[Al])OS(=O)(=O)O[Al])OS(=O)(=O)O[Al])OS(=O)(=O)O[Al].O.O.O.O.O.O.O.O.O.O.O.O.O.O.O.O.O.O.O.O.[Al],DB00364
doxylamine,CC(C1=CC=CC=C1)(C2=CC=CC=N2)OCCN(C)C,DB00366
levonorgestrel,CCC12CCC3C(C1CCC2(C#C)O)CCC4=CC(=O)CCC34,DB00367
norepinephrine,C1=CC(=C(C=C1C(CN)O)O)O,DB00368
mirtazapine,CN1CCN2C(C1)C3=CC=CC=C3CC4=C2N=CC=C4,DB00370
meprobamate,CCCC(C)(COC(=O)N)COC(=O)N,DB00371
timolol,CC(C)(C)NCC(COC1=NSN=C1N2CCOCC2)O,DB00373
trihexyphenidyl,C1CCC(CC1)C(CCN2CCCCC2)(C3=CC=CC=C3)O,DB00376
palonosetron,C1CC2CN(C(=O)C3=CC=CC(=C23)C1)C4CN5CCC4CC5,DB00377
mexiletine,CC1=C(C(=CC=C1)C)OCC(C)N,DB00379
amlodipine,CCOC(=O)C1=C(NC(=C(C1C2=CC=CC=C2Cl)C(=O)OC)C)COCCN,DB00381
triamterene,C1=CC=C(C=C1)C2=NC3=C(N=C(N=C3N=C2N)N)N,DB00384
valrubicin,CCCCC(=O)OCC(=O)C1(CC(C2=C(C1)C(=C3C(=C2O)C(=O)C4=C(C3=O)C=CC=C4OC)O)OC5CC(C(C(O5)C)O)NC(=O)C(F)(F)F)O,DB00385
procyclidine,C1CCC(CC1)C(CCN2CCCC2)(C3=CC=CC=C3)O,DB00387
phenylephrine,CNCC(C1=CC(=CC=C1)O)O,DB00388
carbimazole,CCOC(=O)N1C=CN(C1=S)C,DB00389
digoxin,CC1C(C(CC(O1)OC2C(OC(CC2O)OC3C(OC(CC3O)OC4CCC5(C(C4)CCC6C5CC(C7(C6(CCC7C8=CC(=O)OC8)O)C)O)C)C)C)O)O,DB00390
SULPIRIDE,CCN1CCCC1CNC(=O)C2=C(C=CC(=C2)S(=O)(=O)N)OC,DB00391
nimodipine,CC1=C(C(C(=C(N1)C)C(=O)OC(C)C)C2=CC(=CC=C2)[N+](=O)[O-])C(=O)OCCOC,DB00393
beclomethasone-dipropionate,CCC(=O)OCC(=O)C1(C(CC2C1(CC(C3(C2CCC4=CC(=O)C=CC43C)Cl)O)C)C)OC(=O)CC,DB00394
carisoprodol,CCCC(C)(COC(=O)N)COC(=O)NC(C)C,DB00395
progesterone,CC(=O)C1CCC2C1(CCC3C2CCC4=CC(=O)CCC34C)C,DB00396
Phenylpropanolamine,CC(C(C1=CC=CC=C1)O)N,DB00397
sorafenib,CNC(=O)C1=NC=CC(=C1)OC2=CC=C(C=C2)NC(=O)NC3=CC(=C(C=C3)Cl)C(F)(F)F,DB00398
zoledronic-acid,C1=CN(C=N1)CC(O)(P(=O)(O)O)P(=O)(O)O,DB00399
griseofulvin,CC1CC(=O)C=C(C12C(=O)C3=C(O2)C(=C(C=C3OC)OC)Cl)OC,DB00400
nisoldipine,CC1=C(C(C(=C(N1)C)C(=O)OCC(C)C)C2=CC=CC=C2[N+](=O)[O-])C(=O)OC,DB00401
eszopiclone,CN1CCN(CC1)C(=O)OC2C3=NC=CN=C3C(=O)N2C4=NC=C(C=C4)Cl,DB00402
Alprazolam,CC1=NN=C2N1C3=C(C=C(C=C3)Cl)C(=NC2)C4=CC=CC=C4,DB00404
Dexbrompheniramine,CN(C)CCC(C1=CC=C(C=C1)Br)C2=CC=CC=N2,DB00405
loxapine,CN1CCN(CC1)C2=NC3=CC=CC=C3OC4=C2C=C(C=C4)Cl,DB00408
carbachol,C[N+](C)(C)CCOC(=O)N.[Cl-],DB00411
pramipexole,CCCNC1CCC2=C(C1)SC(=N2)N,DB00413
ampicillin,CC1(C(N2C(S1)C(C2=O)NC(=O)C(C3=CC=CC=C3)N)C(=O)O)C,DB00415
penicillin-v-potassium,CC1(C(N2C(S1)C(C2=O)NC(=O)COC3=CC=CC=C3)C(=O)O)C,DB00417
Secobarbital,CCCC(C)C1(C(=O)NC(=O)NC1=O)CC=C,DB00418
miglustat,CCCCN1CC(C(C(C1CO)O)O)O,DB00419
promazine,CN(C)CCCN1C2=CC=CC=C2SC3=CC=CC=C31,DB00420
spironolactone,CC(=O)SC1CC2=CC(=O)CCC2(C3C1C4CCC5(C4(CC3)C)CCC(=O)O5)C,DB00421
methylphenidate,COC(=O)C(C1CCCCN1)C2=CC=CC=C2,DB00422
methocarbamol,COC1=CC=CC=C1OCC(COC(=O)N)O,DB00423
hyoscyamine,CN1C2CCC1CC(C2)OC(=O)C(CO)C3=CC=CC=C3,DB00424
zolpidem,CC1=CC=C(C=C1)C2=C(N3C=C(C=CC3=N2)C)CC(=O)N(C)C,DB00425
triprolidine,CC1=CC=C(C=C1)C(=CCN2CCCC2)C3=CC=CC=N3,DB00427
Trifluridine,C1C(C(OC1N2C=C(C(=O)NC2=O)C(F)(F)F)CO)O,DB00432
prochlorperazine,CN1CCN(CC1)CCCN2C3=CC=CC=C3SC4=C2C=C(C=C4)Cl,DB00433
cyproheptadine,CN1CCC(=C2C3=CC=CC=C3C=CC4=CC=CC=C42)CC1,DB00434
Nitric Oxide,[N]=O,DB00435
bendroflumethiazide,C1=CC=C(C=C1)CC2NC3=C(C=C(C(=C3)C(F)(F)F)S(=O)(=O)N)S(=O)(=O)N2,DB00436
allopurinol,C1=NNC2=C1C(=O)NC=N2,DB00437
trimethoprim,COC1=CC(=CC(=C1OC)OC)CC2=CN=C(N=C2N)N,DB00440
gemcitabine,C1=CN(C(=O)N=C1N)C2C(C(C(O2)CO)O)(F)F,DB00441
betamethasone,CC1CC2C3CCC4=CC(=O)C=CC4(C3(C(CC2(C1(C(=O)CO)O)C)O)F)C,DB00443
teniposide,COC1=CC(=CC(=C1O)OC)C2C3C(COC3=O)C(C4=CC5=C(C=C24)OCO5)OC6C(C(C7C(O6)COC(O7)C8=CC=CS8)O)O,DB00444
epirubicin,CC1C(C(CC(O1)OC2CC(CC3=C2C(=C4C(=C3O)C(=O)C5=C(C4=O)C(=CC=C5)OC)O)(C(=O)CO)O)N)O,DB00445
chloramphenicol,C1=CC(=CC=C1C(C(CO)NC(=O)C(Cl)Cl)O)[N+](=O)[O-],DB00446
lansoprazole,CC1=C(C=CN=C1CS(=O)C2=NC3=CC=CC=C3N2)OCC(F)(F)F,DB00448
dipivefrine,CC(C)(C)C(=O)OC1=C(C=C(C=C1)C(CNC)O)OC(=O)C(C)(C)C,DB00449
levothyroxine,C1=C(C=C(C(=C1I)OC2=CC(=C(C(=C2)I)O)I)I)CC(C(=O)O)N,DB00451
Pethidine,CCOC(=O)C1(CCN(CC1)C)C2=CC=CC=C2,DB00454
loratadine,CCOC(=O)N1CCC(=C2C3=C(CCC4=C2N=CC=C4)C=C(C=C3)Cl)CC1,DB00455
prazosin,COC1=C(C=C2C(=C1)C(=NC(=N2)N3CCN(CC3)C(=O)C4=CC=CO4)N)OC,DB00457
imipramine,CN(C)CCCN1C2=CC=CC=C2CCC3=CC=CC=C31,DB00458
acitretin,CC1=CC(=C(C(=C1C=CC(=CC=CC(=CC(=O)O)C)C)C)C)OC,DB00459
nabumetone,CC(=O)CCC1=CC2=C(C=C1)C=C(C=C2)OC,DB00461
Methylscopolamine bromide,C[N+]1(C2CC(CC1C3C2O3)OC(=O)C(CO)C4=CC=CC=C4)C.[Br-],DB00462
Sodium Tetradecyl Sulfate,CCCCCCCCCCCCCCOS(=O)(=O)[O-].[Na+],DB00464
Enoxacin,CCN1C=C(C(=O)C2=CC(=C(N=C21)N3CCNCC3)F)C(=O)O,DB00467
tenoxicam,CN1C(=C(C2=C(S1(=O)=O)C=CS2)O)C(=O)NC3=CC=CC=N3,DB00469
montelukast,CC(C)(C1=CC=CC=C1CCC(C2=CC=CC(=C2)C=CC3=NC4=C(C=CC(=C4)Cl)C=C3)SCC5(CC5)CC(=O)O)O,DB00471
fluoxetine,CNCCC(C1=CC=CC=C1)OC2=CC=C(C=C2)C(F)(F)F,DB00472
Chlordiazepoxide,CN=C1CN(C(=C2C=C(C=CC2=N1)Cl)C3=CC=CC=C3)O,DB00475
duloxetine,CNCCC(C1=CC=CS1)OC2=CC=CC3=CC=CC=C32,DB00476
chlorpromazine,CN(C)CCCN1C2=CC=CC=C2SC3=C1C=C(C=C3)Cl,DB00477
lenalidomide,C1CC(=O)NC(=O)C1N2CC3=C(C2=O)C=CC=C3N,DB00480
raloxifene,C1CCN(CC1)CCOC2=CC=C(C=C2)C(=O)C3=C(SC4=C3C=CC(=C4)O)C5=CC=C(C=C5)O,DB00481
celecoxib,CC1=CC=C(C=C1)C2=CC(=NN2C3=CC=C(C=C3)S(=O)(=O)N)C(F)(F)F,DB00482
brimonidine,C1CN=C(N1)NC2=C(C3=NC=CN=C3C=C2)Br,DB00484
miglitol,C1C(C(C(C(N1CCO)CO)O)O)O,DB00491
fosinopril,CCC(=O)OC(C(C)C)OP(=O)(CCCCC1=CC=CC=C1)CC(=O)N2CC(CC2C(=O)O)C3CCCCC3,DB00492
cefotaxime,CC(=O)OCC1=C(N2C(C(C2=O)NC(=O)C(=NOC)C3=CSC(=N3)N)SC1)C(=O)O,DB00493
entacapone,CCN(CC)C(=O)C(=CC1=CC(=C(C(=C1)O)O)[N+](=O)[O-])C#N,DB00494
darifenacin,C1CN(CC1C(C2=CC=CC=C2)(C3=CC=CC=C3)C(=O)N)CCC4=CC5=C(C=C4)OCC5,DB00496
Oxycodone,CN1CCC23C4C(=O)CCC2(C1CC5=C3C(=C(C=C5)OC)O4)O,DB00497
flutamide,CC(C)C(=O)NC1=CC(=C(C=C1)[N+](=O)[O-])C(F)(F)F,DB00499
tolmetin,CC1=CC=C(C=C1)C(=O)C2=CC=C(N2C)CC(=O)O,DB00500
cimetidine,CC1=C(N=CN1)CSCCNC(=NC)NC#N,DB00501
haloperidol,C1CN(CCC1(C2=CC=C(C=C2)Cl)O)CCCC(=O)C3=CC=C(C=C3)F,DB00502
Ritonavir,CC(C)C1=NC(=CS1)CN(C)C(=O)NC(C(C)C)C(=O)NC(CC2=CC=CC=C2)CC(C(CC3=CC=CC=C3)NC(=O)OCC4=CN=CS4)O,DB00503
triflupromazine,CN(C)CCCN1C2=CC=CC=C2SC3=C1C=C(C=C3)C(F)(F)F,DB00508
Dextrothyroxine,C1=C(C=C(C(=C1I)OC2=CC(=C(C(=C2)I)O)I)I)CC(C(=O)O)N,DB00509
dextromethorphan,CN1CCC23CCCCC2C1CC4=C3C=C(C=C4)OC,DB00514
cisplatin,N.N.Cl[Pt]Cl,DB00515
trandolapril,CCOC(=O)C(CCC1=CC=CC=C1)NC(C)C(=O)N2C3CCCCC3CC2C(=O)O,DB00519
carteolol,CC(C)(C)NCC(COC1=CC=CC2=C1CCC(=O)N2)O,DB00521
metolazone,CC1NC2=CC(=C(C=C2C(=O)N1C3=CC=CC=C3C)S(=O)(=O)N)Cl,DB00524
cinchocaine,CCCCOC1=NC2=CC=CC=C2C(=C1)C(=O)NCCN(CC)CC,DB00527
lercanidipine,CC1=C(C(C(=C(N1)C)C(=O)OC(C)(C)CN(C)CCC(C2=CC=CC=C2)C3=CC=CC=C3)C4=CC(=CC=C4)[N+](=O)[O-])C(=O)OC,DB00528
erlotinib,COCCOC1=C(C=C2C(=C1)C(=NC=N2)NC3=CC=CC(=C3)C#C)OCCOC,DB00530
cyclophosphamide,C1CNP(=O)(OC1)N(CCCl)CCCl,DB00531
cefdinir,C=CC1=C(N2C(C(C2=O)NC(=O)C(=NO)C3=CSC(=N3)N)SC1)C(=O)O,DB00535
ciprofloxacin,C1CC1N2C=C(C(=O)C3=CC(=C(C=C32)N4CCNCC4)F)C(=O)O,DB00537
toremifene,CN(C)CCOC1=CC=C(C=C1)C(=C(CCCl)C2=CC=CC=C2)C3=CC=CC=C3,DB00539
nortriptyline,CNCCC=C1C2=CC=CC=C2CCC3=CC=CC=C31,DB00540
vincristine,CCC1(CC2CC(C3=C(CCN(C2)C1)C4=CC=CC=C4N3)(C5=C(C=C6C(=C5)C78CCN9C7C(C=CC9)(C(C(C8N6C=O)(C(=O)OC)O)OC(=O)C)CC)OC)C(=O)OC)O,DB00541
benazepril,CCOC(=O)C(CCC1=CC=CC=C1)NC2CCC3=CC=CC=C3N(C2=O)CC(=O)O,DB00542
amoxapine,C1CN(CCN1)C2=NC3=CC=CC=C3OC4=C2C=C(C=C4)Cl,DB00543
5-fluorouracil,C1=C(C(=O)NC(=O)N1)F,DB00544
mestinon,C[N+]1=CC=CC(=C1)OC(=O)N(C)C.[Br-],DB00545
desoximetasone,CC1CC2C3CCC4=CC(=O)C=CC4(C3(C(CC2(C1C(=O)CO)C)O)F)C,DB00547
Azelaic Acid,C(CCCC(=O)O)CCCC(=O)O,DB00548
zafirlukast,CC1=CC=CC=C1S(=O)(=O)NC(=O)C2=CC(=C(C=C2)CC3=CN(C4=C3C=C(C=C4)NC(=O)OC5CCCC5)C)OC,DB00549
propylthiouracil,CCCC1=CC(=O)NC(=S)N1,DB00550
Acetohydroxamic Acid,CC(=O)NO,DB00551
pentostatin,C1C(C(OC1N2C=NC3=C2NC=NCC3O)CO)O,DB00552
methoxsalen,COC1=C2C(=CC3=C1OC=C3)C=CC(=O)O2,DB00553
piroxicam,CN1C(=C(C2=CC=CC=C2S1(=O)=O)O)C(=O)NC3=CC=CC=N3,DB00554
lamotrigine,C1=CC(=C(C(=C1)Cl)Cl)C2=C(N=C(N=N2)N)N,DB00555
hydroxyzine,C1CN(CCN1CCOCCO)C(C2=CC=CC=C2)C3=CC=C(C=C3)Cl,DB00557
doxapram,CCN1CC(C(C1=O)(C2=CC=CC=C2)C3=CC=CC=C3)CCN4CCOCC4,DB00561
methotrexate,CN(CC1=CN=C2C(=N1)C(=NC(=N2)N)N)C3=CC=C(C=C3)C(=O)NC(CCC(=O)O)C(=O)O,DB00563
carbamazepine,C1=CC=C2C(=C1)C=CC3=CC=CC=C3N2C(=O)N,DB00564
cinnarizine,C1CN(CCN1CC=CC2=CC=CC=C2)C(C3=CC=CC=C3)C4=CC=CC=C4,DB00568
Fondaparinux,COC1C(C(C(C(O1)COS(=O)(=O)O)OC2C(C(C(C(O2)C(=O)O)OC3C(C(C(C(O3)COS(=O)(=O)O)OC4C(C(C(C(O4)C(=O)O)OC5C(C(C(C(O5)COS(=O)(=O)O)O)O)NS(=O)(=O)O)O)O)OS(=O)(=O)O)NS(=O)(=O)O)O)OS(=O)(=O)O)O)NS(=O)(=O)O,DB00569
vinblastine,CCC1(CC2CC(C3=C(CCN(C2)C1)C4=CC=CC=C4N3)(C5=C(C=C6C(=C5)C78CCN9C7C(C=CC9)(C(C(C8N6C)(C(=O)OC)O)OC(=O)C)CC)OC)C(=O)OC)O,DB00570
propranolol,CC(C)NCC(COC1=CC=CC2=CC=CC=C21)O,DB00571
fenoprofen,CC(C1=CC(=CC=C1)OC2=CC=CC=C2)C(=O)O,DB00573
clonidine,C1CN=C(N1)NC2=C(C=CC=C2Cl)Cl,DB00575
mazindol,C1CN2C(=N1)C3=CC=CC=C3C2(C4=CC=C(C=C4)Cl)O,DB00579
levocarnitine,C[N+](C)(C)CC(CC(=O)[O-])O,DB00583
enalapril,CCOC(=O)C(CCC1=CC=CC=C1)NC(C)C(=O)N2CCCC2C(=O)O,DB00584
nizatidine,CNC(=C[N+](=O)[O-])NCCSCC1=CSC(=N1)CN(C)C,DB00585
diclofenac,C1=CC=C(C(=C1)CC(=O)O)NC2=C(C=CC=C2Cl)Cl,DB00586
fluticasone propionate,CCC(=O)OC1(C(CC2C1(CC(C3(C2CC(C4=CC(=O)C=CC43C)F)F)O)C)C)C(=O)SCF,DB00588
lisuride,CCN(CC)C(=O)NC1CN(C2CC3=CNC4=CC=CC(=C34)C2=C1)C,DB00589
doxazosin,COC1=C(C=C2C(=C1)C(=NC(=N2)N3CCN(CC3)C(=O)C4COC5=CC=CC=C5O4)N)OC,DB00590
Fluocinolone Acetonide,CC1(OC2CC3C4CC(C5=CC(=O)C=CC5(C4(C(CC3(C2(O1)C(=O)CO)C)O)F)C)F)C,DB00591
ethosuximide,CCC1(CC(=O)NC1=O)C,DB00593
amiloride,C1(=C(N=C(C(=N1)Cl)N)N)C(=O)N=C(N)N,DB00594
halobetasol,CC1CC2C3CC(C4=CC(=O)C=CC4(C3(C(CC2(C1(C(=O)CCl)O)C)O)F)C)F,DB00596
labetalol,CC(CCC1=CC=CC=C1)NCC(C2=CC(=C(C=C2)O)C(=O)N)O,DB00598
thiopental,CCCC(C)C1(C(=O)NC(=S)NC1=O)CC,DB00599
linezolid,CC(=O)NCC1CN(C(=O)O1)C2=CC(=C(C=C2)N3CCOCC3)F,DB00601
medroxyprogesterone acetate,CC1CC2C(CCC3(C2CCC3(C(=O)C)OC(=O)C)C)C4(C1=CC(=O)CC4)C,DB00603
Cisapride,COC1CN(CCC1NC(=O)C2=CC(=C(C=C2OC)N)Cl)CCCOC3=CC=C(C=C3)F,DB00604
sulindac,CC1=C(C2=C(C1=CC3=CC=C(C=C3)S(=O)C)C=CC(=C2)F)CC(=O)O,DB00605
Nafcillin,CCOC1=C(C2=CC=CC=C2C=C1)C(=O)NC3C4N(C3=O)C(C(S4)(C)C)C(=O)O,DB00607
chloroquine,CCN(CC)CCCC(C)NC1=C2C=CC(=CC2=NC=C1)Cl,DB00608
Butorphanol,C1CCC2(C3CC4=C(C2(C1)CCN3CC5CCC5)C=C(C=C4)O)O,DB00611
bisoprolol,CC(C)NCC(COC1=CC=C(C=C1)COCCOC(C)C)O,DB00612
Rifabutin,CC1C=CC=C(C(=O)NC2=C(C3=C(C4=C(C(=C3O)C)OC(C4=O)(OC=CC(C(C(C(C(C(C1O)C)O)C)OC(=O)C)C)OC)C)C5=NC6(CCN(CC6)CC(C)C)N=C25)O)C,DB00615
imatinib,CC1=C(C=C(C=C1)NC(=O)C2=CC=C(C=C2)CN3CCN(CC3)C)NC4=NC=CC(=N4)C5=CN=CC=C5,DB00619
triamcinolone,CC12CC(C3(C(C1CC(C2(C(=O)CO)O)O)CCC4=CC(=O)C=CC43C)F)O,DB00620
nicardipine,CC1=C(C(C(=C(N1)C)C(=O)OCCN(C)CC2=CC=CC=C2)C3=CC(=CC=C3)[N+](=O)[O-])C(=O)OC,DB00622
fluphenazine,C1CN(CCN1CCCN2C3=CC=CC=C3SC4=C2C=C(C=C4)C(F)(F)F)CCO,DB00623
testosterone,CC12CCC3C(C1CCC2O)CCC4=CC(=O)CCC34C,DB00624
bacitracin,CC[C@H](C)[C@H](N)C1=N[C@@H](CS1)C(=O)N[C@@H](CC(C)C)C(=O)N[C@H](CCC(O)=O)C(=O)N[C@@H]([C@@H](C)CC)C(=O)N[C@H]1CCCCNC(=O)[C@H](CC(N)=O)NC(=O)[C@@H](CC(O)=O)NC(=O)[C@H](CC2=CNC=N2)NC(=O)[C@@H](CC2=CC=CC=C2)NC(=O)[C@@H](NC(=O)[C@@H](CCCN)NC1=O)[C@@H](C)CC,DB00626
niacin,C1=CC(=CN=C1)C(=O)O,DB00627
Clorazepate,C1=CC=C(C=C1)C2=NC(C(=O)NC3=C2C=C(C=C3)Cl)C(=O)O,DB00628
Guanabenz,C1=CC(=C(C(=C1)Cl)C=NN=C(N)N)Cl,DB00629
alendronate,C(CC(O)(P(=O)(O)O)P(=O)(O)O)CN,DB00630
clofarabine,C1=NC2=C(N=C(N=C2N1C3C(C(C(O3)CO)O)F)Cl)N,DB00631
prednisone,CC12CC(=O)C3C(C1CCC2(C(=O)CO)O)CCC4=CC(=O)C=CC34C,DB00635
clofibrate,CCOC(=O)C(C)(C)OC1=CC=C(C=C1)Cl,DB00636
Astemizole,COC1=CC=C(C=C1)CCN2CCC(CC2)NC3=NC4=CC=CC=C4N3CC5=CC=C(C=C5)F,DB00637
adenosine,C1=NC(=C2C(=N1)N(C=N2)C3C(C(C(O3)CO)O)O)N,DB00640
simvastatin,CCC(C)(C)C(=O)OC1CC(C=C2C1C(C(C=C2)C)CCC3CC(CC(=O)O3)O)C,DB00641
pemetrexed,C1=CC(=CC=C1CCC2=CNC3=C2C(=O)NC(=N3)N)C(=O)NC(CCC(=O)O)C(=O)O,DB00642
mebendazole,COC(=O)NC1=NC2=C(N1)C=C(C=C2)C(=O)C3=CC=CC=C3,DB00643
gonadorelin,CC(C)CC(C(=O)NC(CCCN=C(N)N)C(=O)N1CCCC1C(=O)NCC(=O)N)NC(=O)CNC(=O)C(CC2=CC=C(C=C2)O)NC(=O)C(CO)NC(=O)C(CC3=CNC4=CC=CC=C43)NC(=O)C(CC5=CN=CN5)NC(=O)C6CCC(=O)N6,DB00644
dyclonine,CCCCOC1=CC=C(C=C1)C(=O)CCN2CCCCC2,DB00645
Dextropropoxyphene,CCC(=O)OC(CC1=CC=CC=C1)(C2=CC=CC=C2)C(C)CN(C)C,DB00647
mitotane,C1=CC=C(C(=C1)C(C2=CC=C(C=C2)Cl)C(Cl)Cl)Cl,DB00648
leucovorin,C1C(N(C2=C(N1)N=C(NC2=O)N)C=O)CNC3=CC=C(C=C3)C(=O)NC(CCC(=O)O)C(=O)O,DB00650
dyphylline,CN1C2=C(C(=O)N(C1=O)C)N(C=N2)CC(CO)O,DB00651
Magnesium Sulfate,[O-]S(=O)(=O)[O-].[Mg+2],DB00653
latanoprost,CC(C)OC(=O)CCCC=CCC1C(CC(C1CCC(CCC2=CC=CC=C2)O)O)O,DB00654
Estrone,CC12CCC3C(C1CCC2=O)CCC4=C3C=CC(=C4)O,DB00655
trazodone,C1CN(CCN1CCCN2C(=O)N3C=CC=CC3=N2)C4=CC(=CC=C4)Cl,DB00656
mecamylamine,CC1(C2CCC(C2)C1(C)NC)C,DB00657
acamprosate,CC(=O)NCCCS(=O)(=O)O,DB00659
verapamil,CC(C)C(CCCN(C)CCC1=CC(=C(C=C1)OC)OC)(C#N)C2=CC(=C(C=C2)OC)OC,DB00661
trimethobenzamide,CN(C)CCOC1=CC=C(C=C1)CNC(=O)C2=CC(=C(C(=C2)OC)OC)OC,DB00662
flumethasone,CC1CC2C3CC(C4=CC(=O)C=CC4(C3(C(CC2(C1(C(=O)CO)O)C)O)F)C)F,DB00663
nilutamide,CC1(C(=O)N(C(=O)N1)C2=CC(=C(C=C2)[N+](=O)[O-])C(F)(F)F)C,DB00665
Nafarelin,CC(C)CC(C(=O)NC(CCCN=C(N)N)C(=O)N1CCCC1C(=O)NCC(=O)N)NC(=O)C(CC2=CC3=CC=CC=C3C=C2)NC(=O)C(CC4=CC=C(C=C4)O)NC(=O)C(CO)NC(=O)C(CC5=CNC6=CC=CC=C65)NC(=O)C(CC7=CN=CN7)NC(=O)C8CCC(=O)N8,DB00666
epinephrine,CNCC(C1=CC(=C(C=C1)O)O)O,DB00668
sumatriptan,CNS(=O)(=O)CC1=CC2=C(C=C1)NC=C2CCN(C)C,DB00669
pirenzepine,CN1CCN(CC1)CC(=O)N2C3=CC=CC=C3C(=O)NC4=C2N=CC=C4,DB00670
chlorpropamide,CCCNC(=O)NS(=O)(=O)C1=CC=C(C=C1)Cl,DB00672
aprepitant,CC(C1=CC(=CC(=C1)C(F)(F)F)C(F)(F)F)OC2C(N(CCO2)CC3=NNC(=O)N3)C4=CC=C(C=C4)F,DB00673
galantamine,CN1CCC23C=CC(CC2OC4=C(C=CC(=C34)C1)OC)O,DB00674
tamoxifen,CCC(=C(C1=CC=CC=C1)C2=CC=C(C=C2)OCCN(C)C)C3=CC=CC=C3,DB00675
losartan,CCCCC1=NC(=C(N1CC2=CC=C(C=C2)C3=CC=CC=C3C4=NNN=N4)CO)Cl,DB00678
Thioridazine,CN1CCCCC1CCN2C3=CC=CC=C3SC4=C2C=C(C=C4)SC,DB00679
moracizine,CCOC(=O)NC1=CC2=C(C=C1)SC3=CC=CC=C3N2C(=O)CCN4CCOCC4,DB00680
warfarin,CC(=O)CC(C1=CC=CC=C1)C2=C(C3=CC=CC=C3OC2=O)O,DB00682
Midazolam,CC1=NC=C2N1C3=C(C=C(C=C3)Cl)C(=NC2)C4=CC=CC=C4F,DB00683
trovafloxacin,C1C2C(C2N)CN1C3=C(C=C4C(=O)C(=CN(C4=N3)C5=C(C=C(C=C5)F)F)C(=O)O)F,DB00685
Pentosan Polysulfate,OS(=O)(=O)C1C(C(C(C(O1)CO)OS(=O)(=O)O)O)OS(=O)(=O)O,DB00686
Fludrocortisone,CC12CCC(=O)C=C1CCC3C2(C(CC4(C3CCC4(C(=O)CO)O)C)O)F,DB00687
Flurazepam,CCN(CC)CCN1C(=O)CN=C(C2=C1C=CC(=C2)Cl)C3=CC=CC=C3F,DB00690
moexipril,CCOC(=O)C(CCC1=CC=CC=C1)NC(C)C(=O)N2CC3=CC(=C(C=C3CC2C(=O)O)OC)OC,DB00691
phentolamine,CC1=CC=C(C=C1)N(CC2=NCCN2)C3=CC(=CC=C3)O,DB00692
daunorubicin,CC1C(C(CC(O1)OC2CC(CC3=C2C(=C4C(=C3O)C(=O)C5=C(C4=O)C(=CC=C5)OC)O)(C(=O)C)O)N)O,DB00694
furosemide,C1=COC(=C1)CNC2=CC(=C(C=C2C(=O)O)S(=O)(=O)N)Cl,DB00695
ergotamine,CC1(C(=O)N2C(C(=O)N3CCCC3C2(O1)O)CC4=CC=CC=C4)NC(=O)C5CN(C6CC7=CNC8=CC=CC(=C78)C6=C5)C,DB00696
tizanidine,C1CN=C(N1)NC2=C(C=CC3=NSN=C32)Cl,DB00697
eplerenone,CC12CCC(=O)C=C1CC(C3C24C(O4)CC5(C3CCC56CCC(=O)O6)C)C(=O)OC,DB00700
methazolamide,CC(=O)N=C1N(N=C(S1)S(=O)(=O)N)C,DB00703
naltrexone,C1CC1CN2CCC34C5C(=O)CCC3(C2CC6=C4C(=C(C=C6)O)O5)O,DB00704
tamsulosin,CCOC1=CC=CC=C1OCCNC(C)CC2=CC(=C(C=C2)OC)S(=O)(=O)N,DB00706
PORFIMER SODIUM,CC1=C(C2=CC3=NC(=CC4=NC(=CC5=C(C(=C(N5)C=C1N2)C(C)OC(C)C6=C(C7=CC8=C(C(=C(N8)C=C9C(=C(C(=N9)C=C1C(=C(C(=N1)C=C6N7)C)CCC(=O)O)CCC(=O)O)C)C)C(C)O)C)C)C(=C4CCC(=O)O)C)C(=C3C)CCC(=O)O)C(C)O,DB00707
ibandronate,CCCCCN(C)CCC(O)(P(=O)(O)O)P(=O)(O)O,DB00710
flurbiprofen-(+/-),CC(C1=CC(=C(C=C1)C2=CC=CC=C2)F)C(=O)O,DB00712
Oxacillin,CC1=C(C(=NO1)C2=CC=CC=C2)C(=O)NC3C4N(C3=O)C(C(S4)(C)C)C(=O)O,DB00713
Apomorphine,CN1CCC2=C3C1CC4=C(C3=CC=C2)C(=C(C=C4)O)O,DB00714
paroxetine,C1CNCC(C1C2=CC=C(C=C2)F)COC3=CC4=C(C=C3)OCO4,DB00715
nedocromil,CCCC1=C2C(=CC3=C1OC(=CC3=O)C(=O)O)C(=O)C=C(N2CC)C(=O)O,DB00716
norethindrone,CC12CCC3C(C1CCC2(C#C)O)CCC4=CC(=O)CCC34,DB00717
lisinopril,C1CC(N(C1)C(=O)C(CCCCN)NC(CCC2=CC=CC=C2)C(=O)O)C(=O)O,DB00722
methoxamine,CC(C(C1=C(C=CC(=C1)OC)OC)O)N,DB00723
imiquimod,CC(C)CN1C=NC2=C1C3=CC=CC=C3N=C2N,DB00724
Homatropine Methylbromide,C[N+]1(C2CCC1CC(C2)OC(=O)C(C3=CC=CC=C3)O)C.[Br-],DB00725
trimipramine,CC(CN1C2=CC=CC=C2CCC3=CC=CC=C31)CN(C)C,DB00726
Nitroglycerin,C(C(CO[N+](=O)[O-])O[N+](=O)[O-])O[N+](=O)[O-],DB00727
nateglinide,CC(C)C1CCC(CC1)C(=O)NC(CC2=CC=CC=C2)C(=O)O,DB00731
pralidoxime,C[N+]1=CC=CC=C1C=NO,DB00733
risperidone,CC1=C(C(=O)N2CCCCC2=N1)CCN3CCC(CC3)C4=NOC5=C4C=CC(=C5)F,DB00734
esomeprazole,CC1=CN=C(C(=C1OC)C)CS(=O)C2=NC3=C(N2)C=C(C=C3)OC,DB00736
meclizine,CC1=CC(=CC=C1)CN2CCN(CC2)C(C3=CC=CC=C3)C4=CC=C(C=C4)Cl,DB00737
pentamidine,C1=CC(=CC=C1C(=N)N)OCCCCCOC2=CC=C(C=C2)C(=N)N,DB00738
riluzole,C1=CC2=C(C=C1OC(F)(F)F)SC(=N2)N,DB00740
hydrocortisone,CC12CCC(=O)C=C1CCC3C2C(CC4(C3CCC4(C(=O)CO)O)C)O,DB00741
zileuton,CC(C1=CC2=CC=CC=C2S1)N(C(=O)N)O,DB00744
modafinil,C1=CC=C(C=C1)C(C2=CC=CC=C2)S(=O)CC(=O)N,DB00745
deferoxamine-mesylate,CC(=O)N(CCCCCNC(=O)CCC(=O)N(CCCCCNC(=O)CCC(=O)N(CCCCCN)O)O)O,DB00746
scopolamine,CN1C2CC(CC1C3C2O3)OC(=O)C(CO)C4=CC=CC=C4,DB00747
carbinoxamine,CN(C)CCOC(C1=CC=C(C=C1)Cl)C2=CC=CC=N2,DB00748
etodolac,CCC1=C2C(=CC=C1)C3=C(N2)C(OCC3)(CC)CC(=O)O,DB00749
epinastine,C1C2C3=CC=CC=C3CC4=CC=CC=C4N2C(=N1)N,DB00751
tranylcypromine,C1C(C1N)C2=CC=CC=C2,DB00752
ethotoin,CCN1C(=O)C(NC1=O)C2=CC=CC=C2,DB00754
tretinoin,CC1=C(C(CCC1)(C)C)C=CC(=CC=CC(=CC(=O)O)C)C,DB00755
dolasetron,C1C2CC3CC(CC1N3CC2=O)OC(=O)C4=CNC5=CC=CC=C54,DB00757
clopidogrel,COC(=O)C(C1=CC=CC=C1Cl)N2CCC3=C(C2)C=CS3,DB00758
tetracycline,CC1(C2CC3C(C(=O)C(=C(C3(C(=O)C2=C(C4=C1C=CC=C4O)O)O)O)C(=O)N)N(C)C)O,DB00759
potassium chloride,[Cl-].[K+],DB00761
irinotecan,CCC1=C2CN3C(=CC4=C(C3=O)COC(=O)C4(CC)O)C2=NC5=C1C=C(C=C5)OC(=O)N6CCC(CC6)N7CCCCC7,DB00762
methimazole,CN1C=CNC1=S,DB00763
mometasone,CC1CC2C3CCC4=CC(=O)C=CC4(C3(C(CC2(C1(C(=O)CCl)O)C)O)Cl)C,DB00764
metirosine,CC(CC1=CC=C(C=C1)O)(C(=O)O)N,DB00765
olopatadine,CN(C)CCC=C1C2=CC=CC=C2COC3=C1C=C(C=C3)CC(=O)O,DB00768
alprostadil,CCCCCC(C=CC1C(CC(=O)C1CCCCCCC(=O)O)O)O,DB00770
clidinium,C[N+]12CCC(CC1)C(C2)OC(=O)C(C3=CC=CC=C3)(C4=CC=CC=C4)O,DB00771
etoposide,CC1OCC2C(O1)C(C(C(O2)OC3C4COC(=O)C4C(C5=CC6=C(C=C35)OCO6)C7=CC(=C(C(=C7)OC)O)OC)O)O,DB00773
hydroflumethiazide,C1NC2=C(C=C(C(=C2)C(F)(F)F)S(=O)(=O)N)S(=O)(=O)N1,DB00774
tirofiban,CCCCS(=O)(=O)NC(CC1=CC=C(C=C1)OCCCCC2CCNCC2)C(=O)O,DB00775
oxcarbazepine,C1C2=CC=CC=C2N(C3=CC=CC=C3C1=O)C(=O)N,DB00776
phenelzine,C1=CC=C(C=C1)CCNN,DB00780
propantheline,CC(C)[N+](C)(CCOC(=O)C1C2=CC=CC=C2OC3=CC=CC=C13)C(C)C,DB00782
estradiol,CC12CCC3C(C1CCC2O)CCC4=C3C=CC(=C4)O,DB00783
mefenamic-acid,CC1=C(C(=CC=C1)NC2=CC=CC=C2C(=O)O)C,DB00784
acyclovir,C1=NC2=C(N1COCCO)N=C(NC2=O)N,DB00787
naproxen,CC(C1=CC2=C(C=C1)C=C(C=C2)OC)C(=O)O,DB00788
perindopril,CCCC(C(=O)OCC)NC(C)C(=O)N1C2CCCCC2CC1C(=O)O,DB00790
tripelennamine,CN(C)CCN(CC1=CC=CC=C1)C2=CC=CC=N2,DB00792
primidone,CCC1(C(=O)NCNC1=O)C2=CC=CC=C2,DB00794
sulfasalazine,C1=CC=NC(=C1)NS(=O)(=O)C2=CC=C(C=C2)N=NC3=CC(=C(C=C3)O)C(=O)O,DB00795
candesartan-cilextil,CCOC1=NC2=C(N1CC1=CC=C(C=C1)C1=CC=CC=C1C1=NN=NN1)C(=CC=C2)C(=O)OC(C)OC(=O)OC1CCCCC1,DB00796
tolazoline,C1CN=C(N1)CC2=CC=CC=C2,DB00797
Gentamicins,CC(C1CCC(C(O1)OC2C(CC(C(C2O)OC3C(C(C(CO3)(C)O)NC)O)N)N)N)NC,DB00798
tazarotene,CCOC(=O)C1=CN=C(C=C1)C#CC2=CC3=C(C=C2)SCCC3(C)C,DB00799
fenoldopam,C1CNCC(C2=CC(=C(C(=C21)Cl)O)O)C3=CC=C(C=C3)O,DB00800
Halazepam,C1C(=O)N(C2=C(C=C(C=C2)Cl)C(=N1)C3=CC=CC=C3)CC(F)(F)F,DB00801
dicycloverine,CCN(CC)CCOC(=O)C1(CCCCC1)C2CCCCC2,DB00804
pentoxifylline,CC(=O)CCCCN1C(=O)C2=C(N=CN2C)N(C1=O)C,DB00806
indapamide,CC1CC2=CC=CC=C2N1NC(=O)C3=CC(=C(C=C3)Cl)S(=O)(=O)N,DB00808
tropicamide,CCN(CC1=CC=NC=C1)C(=O)C(CO)C2=CC=CC=C2,DB00809
biperiden,C1CCN(CC1)CCC(C2CC3CC2C=C3)(C4=CC=CC=C4)O,DB00810
ribavirin,C1=NC(=NN1C2C(C(C(O2)CO)O)O)C(=O)N,DB00811
Fentanyl,CCC(=O)N(C1CCN(CC1)CCC2=CC=CC=C2)C3=CC=CC=C3,DB00813
meloxicam,CC1=CN=C(S1)NC(=O)C2=C(C3=CC=CC=C3S(=O)(=O)N2C)O,DB00814
metaproterenol,CC(C)NCC(C1=CC(=CC(=C1)O)O)O,DB00816
acetazolamide,CC(=O)NC1=NN=C(S1)S(=O)(=O)N,DB00819
tadalafil,CN1CC(=O)N2C(C1=O)CC3=C(C2C4=CC5=C(C=C4)OCO5)NC6=CC=CC=C36,DB00820
disulfiram,CCN(CC)C(=S)SSC(=S)N(CC)CC,DB00822
levomenthol,CC1CCC(C(C1)O)C(C)C,DB00825
diazepam,CN1C(=O)CN=C(C2=C1C=CC(=C2)Cl)C3=CC=CC=C3,DB00829
Phenmetrazine,CC1C(OCCN1)C2=CC=CC=C2,DB00830
trifluoperazine,CN1CCN(CC1)CCCN2C3=CC=CC=C3SC4=C2C=C(C=C4)C(F)(F)F,DB00831
mifepristone,CC#CC1(CCC2C1(CC(C3=C4CCC(=O)C=C4CCC23)C5=CC=C(C=C5)N(C)C)C)O,DB00834
brompheniramine,CN(C)CCC(C1=CC=C(C=C1)Br)C2=CC=CC=N2,DB00835
loperamide,CN(C)C(=O)C(CCN1CCC(CC1)(C2=CC=C(C=C2)Cl)O)(C3=CC=CC=C3)C4=CC=CC=C4,DB00836
CLOCORTOLONE,CC1CC2C3CC(C4=CC(=O)C=CC4(C3(C(CC2(C1C(=O)CO)C)O)Cl)C)F,DB00838
tolazamide,CC1=CC=C(C=C1)S(=O)(=O)NC(=O)NN2CCCCCC2,DB00839
dobutamine,CC(CCC1=CC=C(C=C1)O)NCCC2=CC(=C(C=C2)O)O,DB00841
oxazepam,C1=CC=C(C=C1)C2=NC(C(=O)NC3=C2C=C(C=C3)Cl)O,DB00842
donepezil,COC1=C(C=C2C(=C1)CC(C2=O)CC3CCN(CC3)CC4=CC=CC=C4)OC,DB00843
nalbuphine,C1CC(C1)CN2CCC34C5C(CCC3(C2CC6=C4C(=C(C=C6)O)O5)O)O,DB00844
fludroxycortide,CC1(OC2CC3C4CC(C5=CC(=O)CCC5(C4C(CC3(C2(O1)C(=O)CO)C)O)C)F)C,DB00846
cysteamine,C(CS)N,DB00847
Methylphenobarbital,CCC1(C(=O)NC(=O)N(C1=O)C)C2=CC=CC=C2,DB00849
perphenazine,C1CN(CCN1CCCN2C3=CC=CC=C3SC4=C2C=C(C=C4)Cl)CCO,DB00850
dacarbazine,CN(C)N=NC1=C(NC=N1)C(=O)N,DB00851
Pseudoephedrine,CC(C(C1=CC=CC=C1)O)NC,DB00852
temozolomide,CN1C(=O)N2C=NC(=C2N=N1)C(=O)N,DB00853
Levorphanol,CN1CCC23CCCCC2C1CC4=C3C=C(C=C4)O,DB00854
terbinafine,CC(C)(C)C#CC=CCN(C)CC1=CC=CC2=CC=CC=C21,DB00857
prednisolone,CC12CC(C3C(C1CCC2(C(=O)CO)O)CCC4=CC(=O)C=CC34C)O,DB00860
diflunisal,C1=CC(=C(C=C1C2=C(C=C(C=C2)F)F)C(=O)O)O,DB00861
vardenafil,CCCC1=NC(=C2N1N=C(NC2=O)C3=C(C=CC(=C3)S(=O)(=O)N4CCN(CC4)CC)OCC)C,DB00862
ranitidine,CNC(=C[N+](=O)[O-])NCCSCC1=CC=C(O1)CN(C)C,DB00863
tacrolimus,CC1CC(C2C(CC(C(O2)(C(=O)C(=O)N3CCCCC3C(=O)OC(C(C(CC(=O)C(C=C(C1)C)CC=C)O)C)C(=CC4CCC(C(C4)OC)O)C)O)C)OC)OC,DB00864
Benzphetamine,CC(CC1=CC=CC=C1)N(C)CC2=CC=CC=C2,DB00865
ritodrine,CC(C(C1=CC=C(C=C1)O)O)NCCC2=CC=C(C=C2)O,DB00867
benzonatate,CCCCNC1=CC=C(C=C1)C(=O)OCCOCCOCCOCCOCCOCCOCCOCCOCCOC,DB00868
dorzolamide,CCNC1CC(S(=O)(=O)C2=C1C=C(S2)S(=O)(=O)N)C,DB00869
terbutaline,CC(C)(C)NCC(C1=CC(=CC(=C1)O)O)O,DB00871
conivaptan,CC1=NC2=C(N1)CCN(C3=CC=CC=C32)C(=O)C4=CC=C(C=C4)NC(=O)C5=CC=CC=C5C6=CC=CC=C6,DB00872
loteprednol,CC12CC(C3C(C1CCC2(C(=O)OCCl)O)CCC4=CC(=O)C=CC34C)O,DB00873
flupentixol,C1CN(CCN1CCC=C2C3=CC=CC=C3SC4=C2C=C(C=C4)C(F)(F)F)CCO,DB00875
eprosartan,CCCCC1=NC=C(N1CC2=CC=C(C=C2)C(=O)O)C=C(CC3=CC=CS3)C(=O)O,DB00876
sirolimus,CC1CCC2CC(C(=CC=CC=CC(CC(C(=O)C(C(C(=CC(C(=O)CC(OC(=O)C3CCCCN3C(=O)C(=O)C1(O2)O)C(C)CC4CCC(C(C4)OC)O)C)C)O)OC)C)C)C)OC,DB00877
chlorothiazide,C1=C2C(=CC(=C1Cl)S(=O)(=O)N)S(=O)(=O)N=CN2,DB00880
quinapril,CCOC(=O)C(CCC1=CC=CC=C1)NC(C)C(=O)N2CC3=CC=CC=C3CC2C(=O)O,DB00881
clomifene,CCN(CC)CCOC1=CC=C(C=C1)C(=C(C2=CC=CC=C2)Cl)C3=CC=CC=C3,DB00882
isosorbide-dinitrate,C1C(C2C(O1)C(CO2)O[N+](=O)[O-])O[N+](=O)[O-],DB00883
risedronate,C1=CC(=CN=C1)CC(O)(P(=O)(O)O)P(=O)(O)O,DB00884
bumetanide,CCCCNC1=C(C(=CC(=C1)C(=O)O)S(=O)(=O)N)OC2=CC=CC=C2,DB00887
granisetron,CN1C2CCCC1CC(C2)NC(=O)C3=NN(C4=CC=CC=C43)C,DB00889
testolactone,CC12CCC3C(C1CCC(=O)O2)CCC4=CC(=O)C=CC34C,DB00894
rimexolone,CCC(=O)C1(C(CC2C1(CC(C3C2CCC4=CC(=O)C=CC34C)O)C)C)C,DB00896
Triazolam,CC1=NN=C2N1C3=C(C=C(C=C3)Cl)C(=NC2)C4=CC=CC=C4Cl,DB00897
etacrynic-acid,CCC(=C)C(=O)C1=C(C(=C(C=C1)OCC(=O)O)Cl)Cl,DB00903
ondansetron,CC1=NC=CN1CC2CCC3=C(C2=O)C4=CC=CC=C4N3C,DB00904
bimatoprost,CCNC(=O)CCCC=CCC1C(CC(C1C=CC(CCC2=CC=CC=C2)O)O)O,DB00905
tiagabine,CC1=C(SC=C1)C(=CCCN2CCCC(C2)C(=O)O)C3=C(C=CS3)C,DB00906
quinidine,COC1=CC2=C(C=CN=C2C=C1)C(C3CC4CCN3CC4C=C)O,DB00908
repaglinide,CCOC1=C(C=CC(=C1)CC(=O)NC(CC(C)C)C2=CC=CC=C2N3CCCCC3)C(=O)O,DB00912
amantadine,C1C2CC3CC1CC(C2)(C3)N,DB00915
metronidazole,CC1=NC=C(N1CCO)[N+](=O)[O-],DB00916
Dinoprostone,CCCCCC(C=CC1C(CC(=O)C1CC=CCCCC(=O)O)O)O,DB00917
almotriptan,CN(C)CCC1=CNC2=C1C=C(C=C2)CS(=O)(=O)N3CCCC3,DB00918
ketotifen,CN1CCC(=C2C3=C(C(=O)CC4=CC=CC=C42)SC=C3)CC1,DB00920
Buprenorphine,CC(C)(C)C(C)(C1CC23CCC1(C4C25CCN(C3CC6=C5C(=C(C=C6)O)O4)CC7CC7)OC)O,DB00921
cyclobenzaprine,CN(C)CCC=C1C2=CC=CC=C2C=CC3=CC=CC=C31,DB00924
phenoxybenzamine,CC(COC1=CC=CC=C1)N(CCCl)CC2=CC=CC=C2,DB00925
famotidine,C1=C(N=C(S1)N=C(N)N)CSCCC(=NS(=O)(=O)N)N,DB00927
misoprostol,CCCCC(C)(CC=CC1C(CC(=O)C1CCCCCCC(=O)OC)O)O,DB00929
mesoridazine,CN1CCCCC1CCN2C3=CC=CC=C3SC4=C2C=C(C=C4)S(=O)C,DB00933
maprotiline,CNCCCC12CCC(C3=CC=CC=C31)C4=CC=CC=C24,DB00934
oxymetazoline,CC1=CC(=C(C(=C1CC2=NCCN2)C)O)C(C)(C)C,DB00935
Salicylic acid,C1=CC=C(C(=C1)C(=O)O)O,DB00936
amfepramone,CCN(CC)C(C)C(=O)C1=CC=CC=C1,DB00937
salmeterol,C1=CC=C(C=C1)CCCCOCCCCCCNCC(C2=CC(=C(C=C2)O)CO)O,DB00938
meclofenamic-acid,CC1=C(C(=C(C=C1)Cl)NC2=CC=CC=C2C(=O)O)Cl,DB00939
aspirin,CC(=O)OC1=CC=CC=C1C(=O)O,DB00945
phenprocoumon,CCC(C1=CC=CC=C1)C2=C(C3=CC=CC=C3OC2=O)O,DB00946
felbamate,C1=CC=C(C=C1)C(COC(=O)N)COC(=O)N,DB00949
fexofenadine,CC(C)(C1=CC=C(C=C1)C(CCCN2CCC(CC2)C(C3=CC=CC=C3)(C4=CC=CC=C4)O)O)C(=O)O,DB00950
Isoniazid,C1=CN=CC=C1C(=O)NN,DB00951
naratriptan,CNS(=O)(=O)CCC1=CC2=C(C=C1)NC=C2C3CCN(CC3)C,DB00952
rizatriptan,CN(C)CCC1=CNC2=C1C=C(C=C2)CN3C=NC=N3,DB00953
Hydrocodone,CN1CCC23C4C1CC5=C2C(=C(C=C5)OC)OC3C(=O)CC4,DB00956
norgestimate,CCC12CCC3C(C1CCC2(C#C)OC(=O)C)CCC4=CC(=NO)CCC34,DB00957
methylprednisolone,CC1CC2C3CCC(C3(CC(C2C4(C1=CC(=O)C=C4)C)O)C)(C(=O)CO)O,DB00959
pindolol,CC(C)NCC(COC1=CC=CC2=C1C=CN2)O,DB00960
zaleplon,CCN(C1=CC=CC(=C1)C2=CC=NC3=C(C=NN23)C#N)C(=O)C,DB00962
Bromfenac,C1=CC(=C(C(=C1)C(=O)C2=CC=C(C=C2)Br)N)CC(=O)O,DB00963
apraclonidine,C1CN=C(N1)NC2=C(C=C(C=C2Cl)N)Cl,DB00964
telmisartan,CCCC1=NC2=C(N1CC3=CC=C(C=C3)C4=CC=CC=C4C(=O)O)C=C(C=C2C)C5=NC6=CC=CC=C6N5C,DB00966
desloratadine,C1CC2=C(C=CC(=C2)Cl)C(=C3CCNCC3)C4=C1C=CC=N4,DB00967
methyldopa,CC(CC1=CC(=C(C=C1)O)O)(C(=O)O)N,DB00968
alosetron,CC1=C(N=CN1)CN2CCC3=C(C2=O)C4=CC=CC=C4N3C,DB00969
dactinomycin,CC1C(C(=O)NC(C(=O)N2CCCC2C(=O)N(CC(=O)N(C(C(=O)O1)C(C)C)C)C)C(C)C)NC(=O)C3=C4C(=C(C=C3)C)OC5=C(C(=O)C(=C(C5=N4)C(=O)NC6C(OC(=O)C(N(C(=O)CN(C(=O)C7CCCN7C(=O)C(NC6=O)C(C)C)C)C)C(C)C)C)N)C,DB00970
azelastine,CN1CCCC(CC1)N2C(=O)C3=CC=CC=C3C(=N2)CC4=CC=C(C=C4)Cl,DB00972
ezetimibe,C1=CC(=CC=C1C2C(C(=O)N2C3=CC=C(C=C3)F)CCC(C4=CC=C(C=C4)F)O)O,DB00973
dipyridamole,C1CCN(CC1)C2=NC(=NC3=C2N=C(N=C3N4CCCCC4)N(CCO)CCO)N(CCO)CCO,DB00975
telithromycin,CCC1C2(C(C(C(=O)C(CC(C(C(C(=O)C(C(=O)O1)C)C)OC3C(C(CC(O3)C)N(C)C)O)(C)OC)C)C)N(C(=O)O2)CCCCN4C=C(N=C4)C5=CN=CC=C5)C,DB00976
ethinyl-estradiol,CC12CCC3C(C1CCC2(C#C)O)CCC4=C3C=CC(=C4)O,DB00977
lomefloxacin,CCN1C=C(C(=O)C2=CC(=C(C(=C21)F)N3CCNC(C3)C)F)C(=O)O,DB00978
cyclopentolate,CN(C)CCOC(=O)C(C1=CC=CC=C1)C2(CCCC2)O,DB00979
ramelteon,CCC(=O)NCCC1CCC2=C1C3=C(C=C2)OCC3,DB00980
physostigmine,CC12CCN(C1N(C3=C2C=C(C=C3)OC(=O)NC)C)C,DB00981
isotretinoin,CC1=C(C(CCC1)(C)C)C=CC(=CC=CC(=CC(=O)O)C)C,DB00982
formoterol,CC(CC1=CC=C(C=C1)OC)NCC(C2=CC(=C(C=C2)O)NC=O)O,DB00983
dimenhydrinate,CN1C2=C(C(=O)N(C1=O)C)NC(=N2)Cl.CN(C)CCOC(C1=CC=CC=C1)C2=CC=CC=C2,DB00985
Glycopyrronium,C[N+]1(CCC(C1)OC(=O)C(C2CCCC2)(C3=CC=CC=C3)O)C,DB00986
cytarabine,C1=CN(C(=O)N=C1N)C2C(C(C(O2)CO)O)O,DB00987
dopamine,C1=CC(=C(C=C1CCN)O)O,DB00988
rivastigmine,CCN(C)C(=O)OC1=CC=CC(=C1)C(C)N(C)C,DB00989
oxaprozin,C1=CC=C(C=C1)C2=C(OC(=N2)CCC(=O)O)C3=CC=CC=C3,DB00991
azathioprine,CN1C=NC(=C1SC2=NC=NC3=C2NC=N3)[N+](=O)[O-],DB00993
Neomycin,C1C(C(C(C(C1N)OC2C(C(C(C(O2)CN)O)O)N)OC3C(C(C(O3)CO)OC4C(C(C(C(O4)CN)O)O)N)O)O)N,DB00994
auranofin,CCP(CC)CC.CC(=O)OCC1C(C(C(C(O1)[S-])OC(=O)C)OC(=O)C)OC(=O)C.[Au+],DB00995
gabapentin,C1CCC(CC1)(CC(=O)O)CN,DB00996
doxorubicin,CC1C(C(CC(O1)OC2CC(CC3=C2C(=C4C(=C3O)C(=O)C5=C(C4=O)C(=CC=C5)OC)O)(C(=O)CO)O)N)O,DB00997
frovatriptan,CNC1CCC2=C(C1)C3=C(N2)C=CC(=C3)C(=O)N,DB00998
hydrochlorothiazide,C1NC2=CC(=C(C=C2S(=O)(=O)N1)S(=O)(=O)N)Cl,DB00999
albuterol,CC(C)(C)NCC(C1=CC(=C(C=C1)O)CO)O,DB01001
cromoglicic-acid,C1=CC2=C(C(=C1)OCC(COC3=CC=CC4=C3C(=O)C=C(O4)C(=O)O)O)C(=O)C=C(O2)C(=O)O,DB01003
hydroxyurea,C(=O)(N)NO,DB01005
ketoprofen,CC(C1=CC(=CC=C1)C(=O)C2=CC=CC=C2)C(=O)O,DB01009
clobetasol-propionate,CCC(=O)OC1(C(CC2C1(CC(C3(C2CCC4=CC(=O)C=CC43C)F)O)C)C)C(=O)CCl,DB01013
balsalazide,C1=CC(=CC=C1C(=O)NCCC(=O)O)N=NC2=CC(=C(C=C2)O)C(=O)O,DB01014
sulfamethoxazole,CC1=CC(=NO1)NS(=O)(=O)C2=CC=C(C=C2)N,DB01015
glyburide,COC1=C(C=C(C=C1)Cl)C(=O)NCCC2=CC=C(C=C2)S(=O)(=O)NC(=O)NC3CCCCC3,DB01016
minocycline,CN(C)C1C2CC3CC4=C(C=CC(=C4C(=C3C(=O)C2(C(=C(C1=O)C(=O)N)O)O)O)O)N(C)C,DB01017
guanfacine,C1=CC(=C(C(=C1)Cl)CC(=O)N=C(N)N)Cl,DB01018
bethanechol,CC(C[N+](C)(C)C)OC(=O)N,DB01019
isosorbide-mononitrate,C1C(C2C(O1)C(CO2)O[N+](=O)[O-])O,DB01020
trichlormethiazide,C1=C2C(=CC(=C1Cl)S(=O)(=O)N)S(=O)(=O)NC(N2)C(Cl)Cl,DB01021
phytonadione,CC1=C(C(=O)C2=CC=CC=C2C1=O)CC=C(C)CCCC(C)CCCC(C)CCCC(C)C,DB01022
felodipine,CCOC(=O)C1=C(NC(=C(C1C2=C(C(=CC=C2)Cl)Cl)C(=O)OC)C)C,DB01023
ketoconazole,CC(=O)N1CCN(CC1)C2=CC=C(C=C2)OCC3COC(O3)(CN4C=CN=C4)C5=C(C=C(C=C5)Cl)Cl,DB01026
irbesartan,CCCCC1=NC2(CCCC2)C(=O)N1CC3=CC=C(C=C3)C4=CC=CC=C4C5=NNN=N5,DB01029
topotecan,CCC1(C2=C(COC1=O)C(=O)N3CC4=CC5=C(C=CC(=C5CN(C)C)O)N=C4C3=C2)O,DB01030
probenecid,CCCN(CCC)S(=O)(=O)C1=CC=C(C=C1)C(=O)O,DB01032
mercaptopurine,C1=NC2=C(N1)C(=S)N=CN2,DB01033
tolterodine,CC1=CC(=C(C=C1)O)C(CCN(C(C)C)C(C)C)C2=CC=CC=C2,DB01036
selegiline,CC(CC1=CC=CC=C1)N(C)CC#C,DB01037
fenofibrate,CC(C)OC(=O)C(C)(C)OC1=CC=C(C=C1)C(=O)C2=CC=C(C=C2)Cl,DB01039
Thalidomide,C1CC(=O)NC(=O)C1N2C(=O)C3=CC=CC=C3C2=O,DB01041
rifampin,CC1C=CC=C(C(=O)NC2=C(C(=C3C(=C2O)C(=C(C4=C3C(=O)C(O4)(OC=CC(C(C(C(C(C(C1O)C)O)C)OC(=O)C)C)OC)C)C)O)O)C=NN5CCN(CC5)C)C,DB01045
lubiprostone,CCCCC(C1(CCC2C(O1)CC(=O)C2CCCCCCC(=O)O)O)(F)F,DB01046
fluocinonide,CC(=O)OCC(=O)C12C(CC3C1(CC(C4(C3CC(C5=CC(=O)C=CC54C)F)F)O)C)OC(O2)(C)C,DB01047
Ergoloid mesylate,CC1=C2C3N(C)C4CCCN4C(C3CC2CC5=C1NC6=CC=CC=C65)C(=O)NC7CCCC7S(=O)(=O)C,DB01049
ibuprofen,CC(C)CC1=CC=C(C=C1)C(C)C(=O)O,DB01050
benzylpenicillin,CC1(C(N2C(S1)C(C2=O)NC(=O)CC3=CC=CC=C3)C(=O)O)C,DB01053
tocainide,CC1=C(C(=CC=C1)C)NC(=O)C(C)N,DB01056
Ecothiopate,CCOP(=O)(OCC)SCC[N+](C)(C)C,DB01057
norfloxacin,CCN1C=C(C(=O)C2=CC(=C(C=C21)N3CCNCC3)F)C(=O)O,DB01059
amoxicillin,CC1(C(N2C(S1)C(C2=O)NC(=O)C(C3=CC=C(C=C3)O)N)C(=O)O)C,DB01060
oxybutynin,CCN(CC)CC#CCOC(=O)C(C1CCCCC1)(C2=CC=CC=C2)O,DB01062
acetophenazine,CC(=O)C1=CC2=C(C=C1)SC3=CC=CC=C3N2CCCN4CCN(CC4)CCO,DB01063
isoprenaline,CC(C)NCC(C1=CC(=C(C=C1)O)O)O,DB01064
melatonin,CC(=O)NCCC1=CNC2=C1C=C(C=C2)OC,DB01065
glipizide,CC1=CN=C(C=N1)C(=O)NCCC2=CC=C(C=C2)S(=O)(=O)NC(=O)NC3CCCCC3,DB01067
clonazepam,C1C(=O)NC2=C(C=C(C=C2)[N+](=O)[O-])C(=N1)C3=CC=CC=C3Cl,DB01068
promethazine,CC(CN1C2=CC=CC=C2SC3=CC=CC=C31)N(C)C,DB01069
dihydrotachysterol,CC1CCC(CC1=CC=C2CCCC3(C2CCC3C(C)C=CC(C)C(C)C)C)O,DB01070
diphenhydramine,CN(C)CCOC(C1=CC=CC=C1)C2=CC=CC=C2,DB01075
atorvastatin,CC(C)C1=C(C(=C(N1CCC(CC(CC(=O)O)O)O)C2=CC=C(C=C2)F)C3=CC=CC=C3)C(=O)NC4=CC=CC=C4,DB01076
etidronic-acid,CC(O)(P(=O)(O)O)P(=O)(O)O,DB01077
vigabatrin,C=CC(CCC(=O)O)N,DB01080
Diphenoxylate,CCOC(=O)C1(CCN(CC1)CCC(C#N)(C2=CC=CC=C2)C3=CC=CC=C3)C4=CC=CC=C4,DB01081
streptomycin,CC1C(C(C(O1)OC2C(C(C(C(C2O)O)N=C(N)N)O)N=C(N)N)OC3C(C(C(C(O3)CO)O)O)NC)(C=O)O,DB01082
orlistat,CCCCCCCCCCCC(CC1C(C(=O)O1)CCCCCC)OC(=O)C(CC(C)C)NC=O,DB01083
emedastine,CCOCCN1C2=CC=CC=C2N=C1N3CCCN(CC3)C,DB01084
pilocarpine,CCC1C(COC1=O)CC2=CN=CN2C,DB01085
Benzocaine,CCOC(=O)C1=CC=C(C=C1)N,DB01086
iloprost,CC#CCC(C)C(C=CC1C(CC2C1CC(=CCCCC(=O)O)C2)O)O,DB01088
fluvastatin,CC(C)N1C2=CC=CC=C2C(=C1C=CC(CC(CC(=O)O)O)O)C3=CC=C(C=C3)F,DB01095
leflunomide,CC1=C(C=NO1)C(=O)NC2=CC=C(C=C2)C(F)(F)F,DB01097
rosuvastatin,CC(C)C1=NC(=NC(=C1C=CC(CC(CC(=O)O)O)O)C2=CC=C(C=C2)F)N(C)S(=O)(=O)C,DB01098
pimozide,C1CN(CCC1N2C3=CC=CC=C3NC2=O)CCCC(C4=CC=C(C=C4)F)C5=CC=C(C=C5)F,DB01100
capecitabine,CCCCCOC(=O)NC1=NC(=O)N(C=C1F)C2C(C(C(O2)C)O)O,DB01101
sertraline,CNC1CCC(C2=CC=CC=C12)C3=CC(=C(C=C3)Cl)Cl,DB01104
Sibutramine,CC(C)CC(C1(CCC1)C2=CC=C(C=C2)Cl)N(C)C,DB01105
levocabastine,CC1CN(CCC1(C2=CC=CC=C2)C(=O)O)C3CCC(CC3)(C#N)C4=CC=C(C=C4)F,DB01106
methyprylon,CCC1(C(=O)C(CNC1=O)C)CC,DB01107
trilostane,CC12CCC3C(C1CCC2O)CCC45C3(CC(=C(C4O5)O)C#N)C,DB01108
Heparin,CC(=O)NC1C(C(C(OC1O)COS(=O)(=O)O)OC2C(C(C(C(O2)C(=O)O)OC3C(C(C(C(O3)CO)OC4C(C(C(C(O4)C(=O)O)O)O)OS(=O)(=O)O)OS(=O)(=O)O)NS(=O)(=O)O)O)OS(=O)(=O)O)O,DB01109
miconazole,C1=CC(=C(C=C1Cl)Cl)COC(CN2C=CN=C2)C3=C(C=C(C=C3)Cl)Cl,DB01110
papaverine,COC1=C(C=C(C=C1)CC2=NC=CC3=CC(=C(C=C32)OC)OC)OC,DB01113
chlorphenamine,CN(C)CCC(C1=CC=C(C=C1)Cl)C2=CC=CC=N2,DB01114
nifedipine,CC1=C(C(C(=C(N1)C)C(=O)OC)C2=CC=CC=C2[N+](=O)[O-])C(=O)OC,DB01115
atovaquone,C1CC(CCC1C2=CC=C(C=C2)Cl)C3=C(C4=CC=CC=C4C(=O)C3=O)O,DB01117
amiodarone,CCCCC1=C(C2=CC=CC=C2O1)C(=O)C3=CC(=C(C(=C3)I)OCCN(CC)CC)I,DB01118
diazoxide,CC1=NS(=O)(=O)C2=C(N1)C=CC(=C2)Cl,DB01119
gliclazide,CC1=CC=C(C=C1)S(=O)(=O)NC(=O)NN2CC3CCCC3C2,DB01120
phenacemide,C1=CC=C(C=C1)CC(=O)NC(=O)N,DB01121
tolbutamide,CCCCNC(=O)NS(=O)(=O)C1=CC=C(C=C1)C,DB01124
dutasteride,CC12CCC3C(C1CCC2C(=O)NC4=C(C=CC(=C4)C(F)(F)F)C(F)(F)F)CCC5C3(C=CC(=O)N5)C,DB01126
bicalutamide,CC(CS(=O)(=O)C1=CC=C(C=C1)F)(C(=O)NC2=CC(=C(C=C2)C#N)C(F)(F)F)O,DB01128
rabeprazole,CC1=C(C=CN=C1CS(=O)C2=NC3=CC=CC=C3N2)OCCCOC,DB01129
prednicarbate,CCC(=O)OCC(=O)C1(CCC2C1(CC(C3C2CCC4=CC(=O)C=CC34C)O)C)OC(=O)OCC,DB01130
pioglitazone,CCC1=CN=C(C=C1)CCOC2=CC=C(C=C2)CC3C(=O)NC(=O)S3,DB01132
tiludronate,C1=CC(=CC=C1SC(P(=O)(O)O)P(=O)(O)O)Cl,DB01133
carvedilol,COC1=CC=CC=C1OCCNCC(COC2=CC=CC3=C2C4=CC=CC=C4N3)O,DB01136
levofloxacin,CC1COC2=C3N1C=C(C(=O)C3=CC(=C2N4CCN(CC4)C)F)C(=O)O,DB01137
sulfinpyrazone,C1=CC=C(C=C1)N2C(=O)C(C(=O)N2C3=CC=CC=C3)CCS(=O)C4=CC=CC=C4,DB01138
cefadroxil,CC1=C(N2C(C(C2=O)NC(=O)C(C3=CC=C(C=C3)O)N)SC1)C(=O)O,DB01140
doxepin,CN(C)CCC=C1C2=CC=CC=C2COC3=CC=CC=C31,DB01142
diclofenamide,C1=C(C=C(C(=C1S(=O)(=O)N)Cl)Cl)S(=O)(=O)N,DB01144
diphenylpyraline,CN1CCC(CC1)OC(C2=CC=CC=C2)C3=CC=CC=C3,DB01146
flavoxate,CC1=C(OC2=C(C1=O)C=CC=C2C(=O)OCCN3CCCCC3)C4=CC=CC=C4,DB01148
Nefazodone,CCC1=NN(C(=O)N1CCOC2=CC=CC=C2)CCCN3CCN(CC3)C4=CC(=CC=C4)Cl,DB01149
desipramine,CNCCCN1C2=CC=CC=C2CCC3=CC=CC=C31,DB01151
bupropion,CC(C(=O)C1=CC(=CC=C1)Cl)NC(C)(C)C,DB01156
bretylium,CC[N+](C)(C)CC1=CC=CC=C1Br,DB01158
terazosin,COC1=C(C=C2C(=C1)C(=NC(=N2)N3CCN(CC3)C(=O)C4CCCO4)N)OC,DB01162
Calcium Chloride,[Cl-].[Cl-].[Ca+2],DB01164
ofloxacin,CC1COC2=C3N1C=C(C(=O)C3=CC(=C2N4CCN(CC4)C)F)C(=O)O,DB01165
cilostazol,C1CCC(CC1)N2C(=NN=N2)CCCCOC3=CC4=C(C=C3)NC(=O)CC4,DB01166
itraconazole,CCC(C)N1C(=O)N(C=N1)C2=CC=C(C=C2)N3CCN(CC3)C4=CC=C(C=C4)OCC5COC(O5)(CN6C=NC=N6)C7=C(C=C(C=C7)Cl)Cl,DB01167
procarbazine,CC(C)NC(=O)C1=CC=C(C=C1)CNNC,DB01168
guanethidine,C1CCCN(CCC1)CCN=C(N)N,DB01170
moclobemide,C1COCCN1CCNC(=O)C2=CC=C(C=C2)Cl,DB01171
orphenadrine,CC1=CC=CC=C1C(C2=CC=CC=C2)OCCN(C)C,DB01173
Phenobarbital,CCC1(C(=O)NC(=O)NC1=O)C2=CC=CC=C2,DB01174
escitalopram,CN(C)CCCC1(C2=C(CO1)C=C(C=C2)C#N)C3=CC=C(C=C3)F,DB01175
cyclizine,CN1CCN(CC1)C(C2=CC=CC=C2)C3=CC=CC=C3,DB01176
idarubicin,CC1C(C(CC(O1)OC2CC(CC3=C2C(=C4C(=C3O)C(=O)C5=CC=CC=C5C4=O)O)(C(=O)C)O)N)O,DB01177
podophyllotoxin,COC1=CC(=CC(=C1OC)OC)C2C3C(COC3=O)C(C4=CC5=C(C=C24)OCO5)O,DB01179
ifosfamide,C1CN(P(=O)(OC1)NCCCl)CCCl,DB01181
propafenone,CCCNCC(COC1=CC=CC=C1C(=O)CCC2=CC=CC=C2)O,DB01182
naloxone,C=CCN1CCC23C4C(=O)CCC2(C1CC5=C3C(=C(C=C5)O)O4)O,DB01183
domperidone,C1CN(CCC1N2C3=C(C=C(C=C3)Cl)NC2=O)CCCN4C5=CC=CC=C5NC4=O,DB01184
fluoxymesterone,CC12CCC(=O)C=C1CCC3C2(C(CC4(C3CCC4(C)O)C)O)F,DB01185
Pergolide,CCCN1CC(CC2C1CC3=CNC4=CC=CC2=C34)CSC,DB01186
ciclopirox,CC1=CC(=O)N(C(=C1)C2CCCCC2)O,DB01188
Dexfenfluramine,CCNC(C)CC1=CC(=CC=C1)C(F)(F)F,DB01191
Oxymorphone,CN1CCC23C4C(=O)CCC2(C1CC5=C3C(=C(C=C5)O)O4)O,DB01192
acebutolol,CCCC(=O)NC1=CC(=C(C=C1)OCC(CNC(C)C)O)C(=O)C,DB01193
brinzolamide,CCNC1CN(S(=O)(=O)C2=C1C=C(S2)S(=O)(=O)N)CCCOC,DB01194
flecainide,C1CCNC(C1)CNC(=O)C2=C(C=CC(=C2)OCC(F)(F)F)OCC(F)(F)F,DB01195
estramustine,CC12CCC3C(C1CCC2O)CCC4=C3C=CC(=C4)OC(=O)N(CCCl)CCCl,DB01196
captopril,CC(CS)C(=O)N1CCCC1C(=O)O,DB01197
Zopiclone,CN1CCN(CC1)C(=O)OC2C3=NC=CN=C3C(=O)N2C4=NC=C(C=C4)Cl,DB01198
bromocriptine,CC(C)CC1C(=O)N2CCCC2C3(N1C(=O)C(O3)(C(C)C)NC(=O)C4CN(C5CC6=C(NC7=CC=CC(=C67)C5=C4)Br)C)O,DB01200
rifapentine,CC1C=CC=C(C(=O)NC2=C(C(=C3C(=C2O)C(=C(C4=C3C(=O)C(O4)(OC=CC(C(C(C(C(C(C1O)C)O)C)OC(=O)C)C)OC)C)C)O)O)C=NN5CCN(CC5)C6CCCC6)C,DB01201
levetiracetam,CCC(C(=O)N)N1CCCC1=O,DB01202
nadolol,CC(C)(C)NCC(COC1=CC=CC2=C1CC(C(C2)O)O)O,DB01203
mitoxantrone,C1=CC(=C2C(=C1NCCNCCO)C(=O)C3=C(C=CC(=C3C2=O)O)O)NCCNCCO,DB01204
lomustine,C1CCC(CC1)NC(=O)N(CCCl)N=O,DB01206
sparfloxacin,CC1CN(CC(N1)C)C2=C(C(=C3C(=C2F)N(C=C(C3=O)C(=O)O)C4CC4)N)F,DB01208
Dezocine,CC12CCCCCC(C1N)CC3=C2C=C(C=C3)O,DB01209
levobunolol,CC(C)(C)NCC(COC1=CC=CC2=C1CCCC2=O)O,DB01210
clarithromycin,CCC1C(C(C(C(=O)C(CC(C(C(C(C(C(=O)O1)C)OC2CC(C(C(O2)C)O)(C)OC)C)OC3C(C(CC(O3)C)N(C)C)O)(C)OC)C)C)O)(C)O,DB01211
ceftriaxone,CN1C(=NC(=O)C(=O)N1)SCC2=C(N3C(C(C3=O)NC(=O)C(=NOC)C4=CSC(=N4)N)SC2)C(=O)O,DB01212
Metipranolol,CC1=CC(=C(C(=C1OC(=O)C)C)C)OCC(CNC(C)C)O,DB01214
finasteride,CC12CCC3C(C1CCC2C(=O)NC(C)(C)C)CCC4C3(C=CC(=O)N4)C,DB01216
anastrozole,CC(C)(C#N)C1=CC(=CC(=C1)CN2C=NC=N2)C(C)(C)C#N,DB01217
dantrolene,C1C(=O)NC(=O)N1N=CC2=CC=C(O2)C3=CC=C(C=C3)[N+](=O)[O-],DB01219
rifaximin,CC1C=CC=C(C(=O)NC2=C(C3=C(C4=C(C(=C3O)C)OC(C4=O)(OC=CC(C(C(C(C(C(C1O)C)O)C)OC(=O)C)C)OC)C)C5=C2N6C=CC(=CC6=N5)C)O)C,DB01220
budesonide,CCCC1OC2CC3C4CCC5=CC(=O)C=CC5(C4C(CC3(C2(O1)C(=O)CO)C)O)C,DB01222
Aminophylline,CN1C2=C(C(=O)N(C1=O)C)NC=N2.CN1C2=C(C(=O)N(C1=O)C)NC=N2.C(CN)N,DB01223
quetiapine,C1CN(CCN1CCOCCO)C2=NC3=CC=CC=C3SC4=CC=CC=C42,DB01224
Enoxaparin,CC(=O)NC1C(C(C(OC1O)COS(=O)(=O)O)OC2C(C(C(C(O2)C(=O)O)OC3C(C(C(C(O3)CO)OC4C(C(C(C(O4)C(=O)O)O)O)OS(=O)(=O)O)OS(=O)(=O)O)NS(=O)(=O)O)O)OS(=O)(=O)O)O,DB01225
Encainide,CN1CCCCC1CCC2=CC=CC=C2NC(=O)C3=CC=C(C=C3)OC,DB01228
paclitaxel,CC1=C2C(C(=O)C3(C(CC4C(C3C(C(C2(C)C)(CC1OC(=O)C(C(C5=CC=CC=C5)NC(=O)C6=CC=CC=C6)O)O)OC(=O)C7=CC=CC=C7)(CO4)OC(=O)C)O)C)OC(=O)C,DB01229
diphenidol,C1CCN(CC1)CCCC(C2=CC=CC=C2)(C3=CC=CC=C3)O,DB01231
Saquinavir,CC(C)(C)NC(=O)C1CC2CCCCC2CN1CC(C(CC3=CC=CC=C3)NC(=O)C(CC(=O)N)NC(=O)C4=NC5=CC=CC=C5C=C4)O,DB01232
metoclopramide,CCN(CC)CCNC(=O)C1=CC(=C(C=C1OC)N)Cl,DB01233
dexamethasone,CC1CC2C3CCC4=CC(=O)C=CC4(C3(C(CC2(C1(C(=O)CO)O)C)O)F)C,DB01234
levodopa,C1=CC(=C(C=C1CC(C(=O)O)N)O)O,DB01235
aripiprazole,C1CC(=O)NC2=C1C=CC(=C2)OCCCCN3CCN(CC3)C4=C(C(=CC=C4)Cl)Cl,DB01238
chlorprothixene,CN(C)CCC=C1C2=CC=CC=C2SC3=C1C=C(C=C3)Cl,DB01239
epoprostenol,CCCCCC(C=CC1C(CC2C1CC(=CCCCC(=O)O)O2)O)O,DB01240
gemfibrozil,CC1=CC(=C(C=C1)C)OCCCC(C)(C)C(=O)O,DB01241
clomipramine,CN(C)CCCN1C2=CC=CC=C2CCC3=C1C=C(C=C3)Cl,DB01242
chloroxine,C1=CC2=C(C(=C(C=C2Cl)Cl)O)N=C1,DB01243
bepridil,CC(C)COCC(CN(CC1=CC=CC=C1)C2=CC=CC=C2)N3CCCC3,DB01244
Trimeprazine,CC(CN1C2=CC=CC=C2SC3=CC=CC=C31)CN(C)C,DB01246
isocarboxazid,CC1=CC(=NO1)C(=O)NNCC2=CC=CC=C2,DB01247
docetaxel,CC1=C2C(C(=O)C3(C(CC4C(C3C(C(C2(C)C)(CC1OC(=O)C(C(C5=CC=CC=C5)NC(=O)OC(C)(C)C)O)O)OC(=O)C6=CC=CC=C6)(CO4)OC(=O)C)O)C)O,DB01248
olsalazine,C1=CC(=C(C=C1N=NC2=CC(=C(C=C2)O)C(=O)O)C(=O)O)O,DB01250
gliquidone,CC1(C2=C(C=C(C=C2)OC)C(=O)N(C1=O)CCC3=CC=C(C=C3)S(=O)(=O)NC(=O)NC4CCCCC4)C,DB01251
mitiglinide,C1CCC2CN(CC2C1)C(=O)CC(CC3=CC=CC=C3)C(=O)O,DB01252
ergonovine,CC(CO)NC(=O)C1CN(C2CC3=CNC4=CC=CC(=C34)C2=C1)C,DB01253
dasatinib,CC1=C(C(=CC=C1)Cl)NC(=O)C2=CN=C(S2)NC3=CC(=NC(=N3)C)N4CCN(CC4)CCO,DB01254
Lisdexamfetamine,CC(CC1=CC=CC=C1)NC(=O)C(CCCCN)N,DB01255
desonide,CC1(OC2CC3C4CCC5=CC(=O)C=CC5(C4C(CC3(C2(O1)C(=O)CO)C)O)C)C,DB01260
sitagliptin,C1CN2C(=NN=C2C(F)(F)F)CN1C(=O)CC(CC3=CC(=C(C=C3F)F)F)N,DB01261
decitabine,C1C(C(OC1N2C=NC(=NC2=O)N)CO)O,DB01262
posaconazole,CCC(C(C)O)N1C(=O)N(C=N1)C2=CC=C(C=C2)N3CCN(CC3)C4=CC=C(C=C4)OCC5CC(OC5)(CN6C=NC=N6)C7=C(C=C(C=C7)F)F,DB01263
telbivudine,CC1=CN(C(=O)NC1=O)C2CC(C(O2)CO)O,DB01265
paliperidone,CC1=C(C(=O)N2CCCC(C2=N1)O)CCN3CCC(CC3)C4=NOC5=C4C=CC(=C5)F,DB01267
sunitinib,CCN(CC)CCNC(=O)C1=C(NC(=C1C)C=C2C3=C(C=CC(=C3)F)NC2=O)C,DB01268
Arformoterol,CC(CC1=CC=C(C=C1)OC)NCC(C2=CC(=C(C=C2)O)NC=O)O,DB01274
hydralazine,C1=CC=C2C(=C1)C=NN=C2NN,DB01275
nelarabine,COC1=NC(=NC2=C1N=CN2C3C(C(C(O3)CO)O)O)N,DB01280
carbetocin,CCC(C)C1C(=O)NC(C(=O)NC(C(=O)NC(CSCCCC(=O)NC(C(=O)N1)CC2=CC=C(C=C2)OC)C(=O)N3CCCC3C(=O)NC(CC(C)C)C(=O)NCC(=O)N)CC(=O)N)CCC(=O)N,DB01282
Lumiracoxib,CC1=CC(=C(C=C1)NC2=C(C=CC=C2Cl)F)CC(=O)O,DB01283
Pirbuterol,CC(C)(C)NCC(C1=NC(=C(C=C1)O)CO)O,DB01291
fosphenytoin,C1=CC=C(C=C1)C2(C(=O)N(C(=O)N2)COP(=O)(O)O)C3=CC=CC=C3,DB01320
polythiazide,CN1C(CSCC(F)(F)F)Nc2c(S1(=O)=O)cc(c(c2)Cl)S(=O)(=O)N,DB01324
cefazolin,CC1=NN=C(S1)SCC2=C(N3C(C(C3=O)NC(=O)CN4C=NN=N4)SC2)C(=O)O,DB01327
cilazapril,CCOC(=O)C(CCC1=CC=CC=C1)NC2CCCN3CCCC(N3C2=O)C(=O)O,DB01340
Spirapril,CCOC(=O)C(CCC1=CC=CC=C1)NC(C)C(=O)N2CC3(CC2C(=O)O)SCCS3,DB01348
Tasosartan,CC1=C2CCC(=O)N(C2=NC(=N1)C)CC3=CC=C(C=C3)C4=CC=CC=C4C5=NNN=N5,DB01349
Amobarbital,CCC1(C(=O)NC(=O)NC1=O)CCC(C)C,DB01351
Lithium,[Li],DB01356
mestranol,CC12CCC3C(C1CCC2(C#C)O)CCC4=C3C=CC(=C4)OC,DB01357
penbutolol,CC(C)(C)NCC(COC1=CC=CC=C1C2CCCC2)O,DB01359
ephedrine,CC(C(C1=CC=CC=C1)O)NC,DB01364
mephentermine,CC(C)(CC1=CC=CC=C1)NC,DB01365
rasagiline,C#CCNC1CCC2=CC=CC=C12,DB01367
cortisone-acetate,CC(=O)OCC(=O)C1(CCC2C1(CC(=O)C3C2CCC4=CC(=O)CCC34C)C)O,DB01380
Glycodiazine,COCCOC1=CN=C(N=C1)NS(=O)(=O)C2=CC=CC=C2,DB01382
bezafibrate,CC(C)(C(=O)O)OC1=CC=C(C=C1)CCNC(=O)C2=CC=C(C=C2)Cl,DB01393
colchicine,CC(=O)NC1CCC2=CC(=C(C(=C2C3=CC=C(C(=O)C=C13)OC)OC)OC)OC,DB01394
drospirenone,CC12CCC(=O)C=C1C3CC3C4C2CCC5(C4C6CC6C57CCC(=O)O7)C,DB01395
Magnesium salicylate,C1=CC=C(C(=C1)C(=O)O)[O-].C1=CC=C(C(=C1)C(=O)O)[O-].[Mg+2],DB01397
sasapyrine,C1=CC=C(C(=C1)C(=O)OC2=CC=CC=C2C(=O)O)O,DB01399
neostigmine,CN(C)C(=O)OC1=CC=CC(=C1)[N+](C)(C)C,DB01400
danazol,CC12CCC3C(C1CCC2(C#C)O)CCC4=CC5=C(CC34C)C=NO5,DB01406
tiotropium,C[N+]1(C2CC(CC1C3C2O3)OC(=O)C(C4=CC=CS4)(C5=CC=CS5)O)C,DB01409
ciclesonide,CC(C)C(=O)OCC(=O)C12C(CC3C1(CC(C4C3CCC5=CC(=O)C=CC45C)O)C)OC(O2)C6CCCCC6,DB01410
pranlukast,C1=CC=C(C=C1)CCCCOC2=CC=C(C=C2)C(=O)NC3=CC=CC4=C3OC(=CC4=O)C5=NNN=N5,DB01411
Testosterone Propionate,CCC(=O)OC1CCC2C1(CCC3C2CCC4=CC(=O)CCC34C)C,DB01420
amrinone,C1=CN=CC=C1C2=CNC(=O)C(=C2)N,DB01427
aprindine,CCN(CC)CCCN(C1CC2=CC=CC=C2C1)C3=CC=CC=C3,DB01429
almitrine,C=CCNC1=NC(=NC(=N1)N2CCN(CC2)C(C3=CC=C(C=C3)F)C4=CC=C(C=C4)F)NCC=C,DB01430
phenazone,CC1=CC(=O)N(N1C)C2=CC=CC=C2,DB01435
alfacalcidol,CC(C)CCCC(C)C1CCC2C1(CCCC2=CC=C3CC(CC(C3=C)O)O)C,DB01436
Glutethimide,CCC1(CCC(=O)NC1=O)C2=CC=CC=C2,DB01437
Phenazopyridine,C1=CC=C(C=C1)N=NC2=C(N=C(C=C2)N)N,DB01438
Gamma Hydroxybutyric Acid,C(CC(=O)O)CO,DB01440
Heroin,CC(=O)OC1C=CC2C3CC4=C5C2(C1OC5=C(C=C4)OC(=O)C)CCN3C,DB01452
dextroamphetamine,CC(CC1=CC=CC=C1)N,DB01576
Methamphetamine,CC(CC1=CC=CC=C1)NC,DB01577
Phendimetrazine,CC1C(OCCN1C)C2=CC=CC=C2,DB01579
oxprenolol,CC(C)NCC(COC1=CC=CC=C1OCC=C)O,DB01580
ursodiol,CC(CCC(=O)O)C1CCC2C1(CCC3C2C(CC4C3(CCC(C4)O)C)O)C,DB01586
Prazepam,C1CC1CN2C(=O)CN=C(C3=C2C=CC(=C3)Cl)C4=CC=CC=C4,DB01588
quazepam,C1C(=S)N(C2=C(C=C(C=C2)Cl)C(=N1)C3=CC=CC=C3F)CC(F)(F)F,DB01589
everolimus,CC1CCC2CC(C(=CC=CC=CC(CC(C(=O)C(C(C(=CC(C(=O)CC(OC(=O)C3CCCCN3C(=O)C(=O)C1(O2)O)C(C)CC4CCC(C(C4)OC)OCCO)C)C)O)OC)C)C)C)OC,DB01590
solifenacin-succinate,C1CN2CCC1C(C2)OC(=O)N3CCC4=CC=CC=C4C3C5=CC=CC=C5,DB01591
Iron,[Fe],DB01592
Nitrazepam,C1C(=O)NC2=C(C=C(C=C2)[N+](=O)[O-])C(=N1)C3=CC=CC=C3,DB01595
Cilastatin,CC1(CC1C(=O)NC(=CCCCCSCC(C(=O)O)N)C(=O)O)C,DB01597
probucol,CC(C)(C)C1=CC(=CC(=C1O)C(C)(C)C)SC(C)(C)SC2=CC(=C(C(=C2)C(C)(C)C)O)C(C)(C)C,DB01599
tiaprofenic-acid,CC(C1=CC=C(S1)C(=O)C2=CC=CC=C2)C(=O)O,DB01600
deferasirox,C1=CC=C(C(=C1)C2=NN(C(=N2)C3=CC=CC=C3O)C4=CC=C(C=C4)C(=O)O)O,DB01609
Hydroxychloroquine,CCN(CCCC(C)NC1=C2C=CC(=CC2=NC=C1)Cl)CCO,DB01611
molindone,CCC1=C(NC2=C1C(=O)C(CC2)CN3CCOCC3)C,DB01618
pheniramine,CN(C)CCC(C1=CC=CC=C1)C2=CC=CC=N2,DB01620
Pipotiazine,CN(C)S(=O)(=O)C1=CC2=C(C=C1)SC3=CC=CC=C3N2CCCN4CCC(CC4)CCO,DB01621
thiothixene,CN1CCN(CC1)CCC=C2C3=CC=CC=C3SC4=C2C=C(C=C4)S(=O)(=O)N(C)C,DB01623
pargyline,CN(CC#C)CC1=CC=CC=C1,DB01626
roflumilast,C1CC1COC2=C(C=CC(=C2)C(=O)NC3=C(C=NC=C3Cl)Cl)OC(F)F,DB01656
Camphor,CC1(C2CCC1(C(=O)C2)C)C,DB01744
calcipotriol,CC(C=CC(C1CC1)O)C2CCC3C2(CCCC3=CC=C4CC(CC(C4=C)O)O)C,DB02300
vorinostat,C1=CC=C(C=C1)NC(=O)CCCCCCC(=O)NO,DB02546
cholic-acid,CC(CCC(=O)O)C1CCC2C1(C(CC3C2C(CC4C3(CCC(C4)O)C)O)O)C,DB02659
nicotinamide,C1=CC(=CN=C1)C(=O)N,DB02701
Phenol,C1=CC=C(C=C1)O,DB03255
deoxycholic-acid,CC(CCC(=O)O)C1CCC2C1(C(CC3C2CCC4C3(CCC(C4)O)C)O)C,DB03619
Benzoic Acid,C1=CC=C(C=C1)C(=O)O,DB03793
urea,C(=O)(N)N,DB03904
Lactose,C(C1C(C(C(C(O1)OC2C(OC(C(C2O)O)O)CO)O)O)O)O,DB04465
thiotepa,C1CN1P(=S)(N2CC2)N3CC3,DB04572
quinestrol,CC12CCC3C(C1CCC2(C#C)O)CCC4=C3C=CC(=C4)OC5CCCC5,DB04575
clofedanol,CN(C)CCC(C1=CC=CC=C1)(C2=CC=CC=C2Cl)O,DB04837
fluspirilene,C1CN(CCC12C(=O)NCN2C3=CC=CC=C3)CCCC(C4=CC=C(C=C4)F)C5=CC=C(C=C5)F,DB04842
mepenzolate,C[N+]1(CCCC(C1)OC(=O)C(C2=CC=CC=C2)(C3=CC=CC=C3)O)C,DB04843
ixabepilone,CC1CCCC2(C(O2)CC(NC(=O)CC(C(C(=O)C(C1O)C)(C)C)O)C(=CC3=CSC(=N3)C)C)C,DB04845
celiprolol,CCN(CC)C(=O)NC1=CC(=C(C=C1)OCC(CNC(C)(C)C)O)C(=O)C,DB04846
dronedarone,CCCCC1=C(C2=C(O1)C=CC(=C2)NS(=O)(=O)C)C(=O)C3=CC=C(C=C3)OCCCN(CCCC)CCCC,DB04855
nebivolol,C1CC2=C(C=CC(=C2)F)OC1C(CNCC(C3CCC4=C(O3)C=CC(=C4)F)O)O,DB04861
homoharringtonine,CC(C)(CCCC(CC(=O)OC)(C(=O)OC1C2C3=CC4=C(C=C3CCN5C2(CCC5)C=C1OC)OCO4)O)O,DB04865
nilotinib,CC1=C(C=C(C=C1)C(=O)NC2=CC(=CC(=C2)C(F)(F)F)N3C=C(N=C3)C)NC4=NC=CC(=N4)C5=CN=CC=C5,DB04868
lorcaserin,CC1CNCCC2=C1C=C(C=C2)Cl,DB04871
vildagliptin,C1CC(N(C1)C(=O)CNC23CC4CC(C2)CC(C4)(C3)O)C#N,DB04876
voglibose,C1C(C(C(C(C1(CO)O)O)O)O)NC(CO)CO,DB04878
bepotastine,C1CN(CCC1OC(C2=CC=C(C=C2)Cl)C3=CC=CC=N3)CCCC(=O)O,DB04890
milnacipran,CCN(CC)C(=O)C1(CC1CN)C2=CC=CC=C2,DB04896
cleviprex,CCCC(=O)OCOC(=O)C1=C(NC(=C(C1C2=C(C(=CC=C2)Cl)Cl)C(=O)OC)C)C,DB04920
"MSH, 4-Nle-7-Phe-alpha-",CCCCC(C(=O)NC(CCC(=O)O)C(=O)NC(CC1=CNC=N1)C(=O)NC(CC2=CC=CC=C2)C(=O)NC(CCCNC(=N)N)C(=O)NC(CC3=CNC4=CC=CC=C43)C(=O)NCC(=O)NC(CCCCN)C(=O)N5CCCC5C(=O)NC(C(C)C)C(=O)N)NC(=O)C(CO)NC(=O)C(CC6=CC=C(C=C6)O)NC(=O)C(CO)NC(=O)C,DB04931
ospemifene,C1=CC=C(C=C1)C(=C(C2=CC=CC=C2)C3=CC=C(C=C3)OCCO)CCCl,DB04938
tamibarotene,CC1(CCC(C2=C1C=CC(=C2)NC(=O)C3=CC=C(C=C3)C(=O)O)(C)C)C,DB04942
iloperidone,CC(=O)C1=CC(=C(C=C1)OCCCN2CCC(CC2)C3=NOC4=C3C=CC(=C4)F)OC,DB04946
belinostat,C1=CC=C(C=C1)NS(=O)(=O)C2=CC=CC(=C2)C=CC(=O)NO,DB05015
ataluren,C1=CC=C(C(=C1)C2=NC(=NO2)C3=CC(=CC=C3)C(=O)O)F,DB05016
cobimetinib,C1CCNC(C1)C2(CN(C2)C(=O)C3=C(C(=C(C=C3)F)F)NC4=C(C=C(C=C4)I)F)O,DB05239
methsuximide,CC1(CC(=O)N(C1=O)C)C2=CC=CC=C2,DB05246
ibudilast,CC(C)C1=NN2C=CC=CC2=C1C(=O)C(C)C,DB05266
rotigotine,CCCN(CCC1=CC=CS1)C2CCC3=C(C2)C=CC=C3O,DB05271
vandetanib,CN1CCC(CC1)COC2=C(C=C3C(=C2)N=CN=C3NC4=C(C=C(C=C4)Br)F)OC,DB05294
telaprevir,CCCC(C(=O)C(=O)NC1CC1)NC(=O)C2C3CCCC3CN2C(=O)C(C(C)(C)C)NC(=O)C(C4CCCCC4)NC(=O)C5=NC=CN=C5,DB05521
apremilast,CCOC1=C(C=CC(=C1)C(CS(=O)(=O)C)N2C(=O)C3=C(C2=O)C(=CC=C3)NC(=O)C)OC,DB05676
abiraterone,CC12CCC(CC1=CCC3C2CCC4(C3CC=C4C5=CN=CC=C5)C)O,DB05812
cariprazine,CN(C)C(=O)NC1CCC(CC1)CCN2CCN(CC2)C3=C(C(=CC=C3)Cl)Cl,DB06016
Sertindole,C1CN(CCC1C2=CN(C3=C2C=C(C=C3)Cl)C4=CC=C(C=C4)F)CCN5CCNC5=O,DB06144
mianserin,CN1CCN2C(C1)C3=CC=CC=C3CC4=CC=CC=C42,DB06148
acetylcysteine,CC(=O)NC(CS)C(=O)O,DB06151
romidepsin,CC=C1C(=O)NC(C(=O)OC2CC(=O)NC(C(=O)NC(CSSCCC=C2)C(=O)N1)C(C)C)C(C)C,DB06176
Icatibant,C1CCC2C(C1)CC(N2C(=O)C3CC4=CC=CC=C4CN3C(=O)C(CO)NC(=O)C(CC5=CC=CS5)NC(=O)CNC(=O)C6CC(CN6C(=O)C7CCCN7C(=O)C(CCCN=C(N)N)NC(=O)C(CCCN=C(N)N)N)O)C(=O)NC(CCCN=C(N)N)C(=O)O,DB06196
rufinamide,C1=CC(=C(C(=C1)F)CN2C=C(N=N2)C(=O)N)F,DB06201
alogliptin,CN1C(=O)C=C(N(C1=O)CC2=CC=CC=C2C#N)N3CCCC(C3)N,DB06203
tapentadol,CCC(C1=CC(=CC=C1)O)C(C)CN(C)C,DB06204
prasugrel,CC(=O)OC1=CC2=C(S1)CCN(C2)C(C3=CC=CC=C3F)C(=O)C4CC4,DB06209
eltrombopag,CC1=C(C=C(C=C1)N2C(=O)C(=C(N2)C)N=NC3=CC=CC(=C3O)C4=CC(=CC=C4)C(=O)O)C,DB06210
doripenem,CC1C2C(C(=O)N2C(=C1SC3CC(NC3)CNS(=O)(=O)N)C(=O)O)C(C)O,DB06211
tolvaptan,CC1=CC=CC=C1C(=O)NC2=CC(=C(C=C2)C(=O)N3CCCC(C4=C3C=CC(=C4)Cl)O)C,DB06212
asenapine,CN1CC2C(C1)C3=C(C=CC(=C3)Cl)OC4=CC=CC=C24,DB06216
Dalbavancin,CC(C)CCCCCCCCC(=O)NC1C(C(C(OC1OC2=C3C=C4C=C2OC5=C(C=C(C=C5)C(C6C(=O)NC(C7=C(C(=CC(=C7)O)OC8C(C(C(C(O8)CO)O)O)O)C9=C(C=CC(=C9)C(C(=O)N6)NC(=O)C4NC(=O)C1C2=C(C(=CC(=C2)OC2=C(C=CC(=C2)C(C(=O)NC(CC2=CC=C(O3)C=C2)C(=O)N1)NC)O)O)Cl)O)C(=O)NCCCN(C)C)O)Cl)C(=O)O)O)O,DB06219
avanafil,COC1=C(C=C(C=C1)CNC2=NC(=NC=C2C(=O)NCC3=NC=CC=N3)N4CCCC4CO)Cl,DB06237
eflornithine,C(CC(C(F)F)(C(=O)O)N)CN,DB06243
droxidopa,C1=CC(=C(C=C1C(C(C(=O)O)N)O)O)O,DB06262
Udenafil,CCCC1=NN(C2=C1N=C(NC2=O)C3=C(C=CC(=C3)S(=O)(=O)NCCC4CCCN4C)OCCC)C,DB06267
Sitaxentan,CC1=CC2=C(C=C1CC(=O)C3=C(C=CS3)S(=O)(=O)NC4=C(C(=NO4)C)Cl)OCO2,DB06268
levocetirizine,C1CN(CCN1CCOCC(=O)O)C(C2=CC=CC=C2)C3=CC=C(C=C3)Cl,DB06282
temsirolimus,CC1CCC2CC(C(=CC=CC=CC(CC(C(=O)C(C(C(=CC(C(=O)CC(OC(=O)C3CCCCN3C(=O)C(=O)C1(O2)O)C(C)CC4CCC(C(C4)OC)OC(=O)C(C)(CO)CO)C)C)O)OC)C)C)C)OC,DB06287
simeprevir,CC1=C(C=CC2=C1N=C(C=C2OC3CC4C(C3)C(=O)N(CCCCC=CC5CC5(NC4=O)C(=O)NS(=O)(=O)C6CC6)C)C7=NC(=CS7)C(C)C)OC,DB06290
dapagliflozin,CCOC1=CC=C(C=C1)CC2=C(C=CC(=C2)C3C(C(C(C(O3)CO)O)O)O)Cl,DB06292
saxagliptin,C1C2CC2N(C1C#N)C(=O)C(C34CC5CC(C3)CC(C5)(C4)O)N,DB06335
bazedoxifene,CC1=C(N(C2=C1C=C(C=C2)O)CC3=CC=C(C=C3)OCCN4CCCCCC4)C5=CC=C(C=C5)O,DB06401
ambrisentan,CC1=CC(=NC(=N1)OC(C(=O)O)C(C2=CC=CC=C2)(C3=CC=CC=C3)OC)C,DB06403
oxymetholone,CC12CCC3C(C1CCC2(C)O)CCC4C3(CC(=CO)C(=O)C4)C,DB06412
armodafinil,C1=CC=C(C=C1)C(C2=CC=CC=C2)S(=O)CC(=O)N,DB06413
Tyloxapol,CC(C)(C)CC(C)(C)C1=CC=C(C=C1)O.C=O.C1CO1,DB06439
prucalopride,COCCCN1CCC(CC1)NC(=O)C2=CC(=C(C3=C2OCC3)N)Cl,DB06480
pazopanib,CC1=C(C=C(C=C1)NC2=NC=CC(=N2)N(C)C3=CC4=NN(C(=C4C=C3)C)C)S(=O)(=O)N,DB06589
agomelatine,CC(=O)NCCC1=CC=CC2=C1C=C(C=C2)OC,DB06594
apixaban,COC1=CC=C(C=C1)N2C3=C(CCN(C3=O)C4=CC=C(C=C4)N5CCCCC5=O)C(=N2)C(=O)N,DB06605
bosutinib,CN1CCN(CC1)CCCOC2=C(C=C3C(=C2)N=CC(=C3NC4=CC(=C(C=C4Cl)Cl)OC)C#N)OC,DB06616
dalfampridine,C1=CN=CC=C1N,DB06637
pasireotide,C1C(CN2C1C(=O)NC(C(=O)NC(C(=O)NC(C(=O)NC(C(=O)NC(C2=O)CC3=CC=CC=C3)CC4=CC=C(C=C4)OCC5=CC=CC=C5)CCCCN)CC6=CNC7=CC=CC=C76)C8=CC=CC=C8)OC(=O)NCCN,DB06663
vilazodone,C1CN(CCN1CCCCC2=CNC3=C2C=C(C=C3)C#N)C4=CC5=C(C=C4)OC(=C5)C(=O)N,DB06684
mepyramine,CN(C)CCN(CC1=CC=C(C=C1)OC)C2=CC=CC=N2,DB06691
xylometazoline,CC1=CC(=CC(=C1CC2=NCCN2)C)C(C)(C)C,DB06694
desvenlafaxine,CN(C)CC(C1=CC=C(C=C1)O)C2(CCCCC2)O,DB06700
Dexmethylphenidate,COC(=O)C(C1CCCCN1)C2=CC=CC=C2,DB06701
fesoterodine,CC(C)C(=O)OC1=C(C=C(C=C1)CO)C(CCN(C(C)C)C(C)C)C2=CC=CC=C2,DB06702
Methyltestosterone,CC12CCC(=O)C=C1CCC3C2CCC4(C3CCC4(C)O)C,DB06710
naphazoline,C1CN=C(N1)CC2=CC=CC3=CC=CC=C32,DB06711
stanozolol,CC12CCC3C(C1CCC2(C)O)CCC4C3(CC5=C(C4)NN=C5)C,DB06718
lornoxicam,CN1C(=C(C2=C(S1(=O)=O)C=C(S2)Cl)O)C(=O)NC3=CC=CC=N3,DB06725
betaine,C[N+](C)(C)CC(=O)[O-],DB06756
tetrahydrozoline,C1CC(C2=CC=CC=C2C1)C3=NCCN3,DB06764
alcaftadine,CN1CCC(=C2C3=CC=CC=C3CCN4C2=NC=C4C=O)CC1,DB06766
capsaicin,CC(C)C=CCCCCC(=O)NCC1=CC(=C(C=C1)O)OC,DB06774
chenodeoxycholic-acid,CC(CCC(=O)O)C1CCC2C1(CCC3C2C(CC4C3(CCC(C4)O)C)O)C,DB06777
dimercaprol,C(C(CS)S)O,DB06782
halcinonide,CC1(OC2CC3C4CCC5=CC(=O)CCC5(C4(C(CC3(C2(O1)C(=O)CCl)C)O)F)C)C,DB06786
Histrelin,CCNC(=O)C1CCCN1C(=O)C(CCCN=C(N)N)NC(=O)C(CC(C)C)NC(=O)C(CC2=CN(C=N2)CC3=CC=CC=C3)NC(=O)C(CC4=CC=C(C=C4)O)NC(=O)C(CO)NC(=O)C(CC5=CNC6=CC=CC=C65)NC(=O)C(CC7=CN=CN7)NC(=O)C8CCC(=O)N8,DB06788
Lanreotide,CC(C)C1C(=O)NC(CSSCC(C(=O)NC(C(=O)NC(C(=O)NC(C(=O)N1)CCCCN)CC2=CNC3=CC=CC=C32)CC4=CC=C(C=C4)O)NC(=O)C(CC5=CC6=CC=CC=C6C=C5)N)C(=O)NC(C(C)O)C(=O)N,DB06791
methylnaltrexone,C[N+]1(CCC23C4C(=O)CCC2(C1CC5=C3C(=C(C=C5)O)O4)O)CC6CC6,DB06800
Niclosamide,C1=CC(=C(C=C1[N+](=O)[O-])Cl)NC(=O)C2=C(C=CC(=C2)Cl)O,DB06803
pralatrexate,C#CCC(CC1=CN=C2C(=N1)C(=NC(=N2)N)N)C3=CC=C(C=C3)C(=O)NC(CCC(=O)O)C(=O)O,DB06813
phenylbutyrate,C1=CC=C(C=C1)CCCC(=O)O,DB06819
trientine,C(CNCCNCCN)N,DB06824
antazoline,C1CN=C(N1)CN(CC2=CC=CC=C2)C3=CC=CC=C3,DB08799
roxatidine-acetate,CC(=O)OCC(=O)NCCCOC1=CC=CC(=C1)CN2CCCCC2,DB08806
bupranolol,CC1=CC(=C(C=C1)Cl)OCC(CNC(C)(C)C)O,DB08808
lurasidone,C1CCC(C(C1)CN2CCN(CC2)C3=NSC4=CC=CC=C43)CN5C(=O)C6C7CCC(C7)C6C5=O,DB08815
ticagrelor,CCCSC1=NC(=C2C(=N1)N(N=N2)C3CC(C(C3O)O)OCCO)NC4CC4C5=CC(=C(C=C5)F)F,DB08816
Tafluprost,CC(C)OC(=O)CCCC=CCC1C(CC(C1C=CC(COC2=CC=CC=C2)(F)F)O)O,DB08819
ivacaftor,CC(C)(C)C1=CC(=C(C=C1NC(=O)C2=CNC3=CC=CC=C3C2=O)O)C(C)(C)C,DB08820
Azilsartan medoxomil,CCOC1=NC2=CC=CC(=C2N1CC3=CC=C(C=C3)C4=CC=CC=C4C5=NOC(=O)N5)C(=O)OCC6=C(OC(=O)O6)C,DB08822
deferiprone,CC1=C(C(=O)C=CN1C)O,DB08826
lomitapide,C1CN(CCC1NC(=O)C2=CC=CC=C2C3=CC=C(C=C3)C(F)(F)F)CCCCC4(C5=CC=CC=C5C6=CC=CC=C64)C(=O)NCC(F)(F)F,DB08827
vismodegib,CS(=O)(=O)C1=CC(=C(C=C1)C(=O)NC2=CC(=C(C=C2)Cl)C3=CC=CC=N3)Cl,DB08828
pitavastatin,C1CC1C2=NC3=CC=CC=C3C(=C2C=CC(CC(CC(=O)O)O)O)C4=CC=C(C=C4)F,DB08860
ulipristal,CC(=O)C1(CCC2C1(CC(C3=C4CCC(=O)C=C4CCC23)C5=CC=C(C=C5)N(C)C)C)O,DB08867
fingolimod,CCCCCCCCC1=CC=C(C=C1)CCC(CO)(CO)N,DB08868
tesamorelin,CCC=CCC(=O)NC(CC1=CC=C(C=C1)O)C(=O)NC(C)C(=O)NC(CC(=O)O)C(=O)NC(C)C(=O)NC(C(C)CC)C(=O)NC(CC2=CC=CC=C2)C(=O)NC(C(C)O)C(=O)NC(CC(=O)N)C(=O)NC(CO)C(=O)NC(CC3=CC=C(C=C3)O)C(=O)NC(CCCNC(=N)N)C(=O)NC(CCCCN)C(=O)NC(C(C)C)C(=O)NC(CC(C)C)C(=O)NCC(=O)NC(CCC(=O)N)C(=O)NC(CC(C)C)C(=O)NC(CO)C(=O)NC(C)C(=O)NC(CCCNC(=N)N)C(=O)NC(CCCCN)C(=O)NC(CC(C)C)C(=O)NC(CC(C)C)C(=O)NC(CCC(=O)N)C(=O)NC(CC(=O)O)C(=O)NC(C(C)CC)C(=O)NC(CCSC)C(=O)NC(CO)C(=O)NC(CCCNC(=N)N)C(=O)NC(CCC(=O)N)C(=O)NC(CCC(=O)N)C(=O)NCC(=O)NC(CCC(=O)O)C(=O)NC(CO)C(=O)NC(CC(=O)N)C(=O)NC(CCC(=O)N)C(=O)NC(CCC(=O)O)C(=O)NC(CCCNC(=N)N)C(=O)NCC(=O)NC(C)C(=O)NC(CCCNC(=N)N)C(=O)NC(C)C(=O)NC(CCCNC(=N)N)C(=O)NC(CC(C)C)C(=O)N,DB08869
Eribulin,CC1CC2CCC3C(=C)CC(O3)CCC45CC6C(O4)C7C(O6)C(O5)C8C(O7)CCC(O8)CC(=O)CC9C(CC(C1=C)O2)OC(C9OC)CC(CN)O,DB08871
gabapentin-enacarbil,CC(C)C(=O)OC(C)OC(=O)NCC1(CCCCC1)CC(=O)O,DB08872
boceprevir,CC1(C2C1C(N(C2)C(=O)C(C(C)(C)C)NC(=O)NC(C)(C)C)C(=O)NC(CC3CCC3)C(=O)C(=O)N)C,DB08873
cabozantinib,COC1=CC2=C(C=CN=C2C=C1OC)OC3=CC=C(C=C3)NC(=O)C4(CC4)C(=O)NC5=CC=C(C=C5)F,DB08875
ruxolitinib,C1CCC(C1)C(CC#N)N2C=C(C=N2)C3=C4C=CNC4=NC=N3,DB08877
teriflunomide,CC(=C(C#N)C(=O)NC1=CC=C(C=C1)C(F)(F)F)O,DB08880
linagliptin,CC#CCN1C2=C(N=C1N3CCCC(C3)N)N(C(=O)N(C2=O)CC4=NC5=CC=CC=C5C(=N4)C)C,DB08882
carfilzomib,CC(C)CC(C(=O)C1(CO1)C)NC(=O)C(CC2=CC=CC=C2)NC(=O)C(CC(C)C)NC(=O)C(CCC3=CC=CC=C3)NC(=O)CN4CCOCC4,DB08889
linaclotide,CC1C(=O)NC2CSSCC3C(=O)NC(C(=O)NC(C(=O)NC(CSSCC(NC(=O)CNC(=O)C(NC2=O)C(C)O)C(=O)NC(CC4=CC=C(C=C4)O)C(=O)O)C(=O)NC(CSSCC(C(=O)N3)N)C(=O)NC(C(=O)N5CCCC5C(=O)N1)CC(=O)N)CC6=CC=C(C=C6)O)CCC(=O)O,DB08890
mirabegron,C1=CC=C(C=C1)C(CNCCC2=CC=C(C=C2)NC(=O)CC3=CSC(=N3)N)O,DB08893
tofacitinib,CC1CCN(CC1N(C)C2=NC=NC3=C2C=CN3)C(=O)CC#N,DB08895
regorafenib,CNC(=O)C1=NC=CC(=C1)OC2=CC(=C(C=C2)NC(=O)NC3=CC(=C(C=C3)Cl)C(F)(F)F)F,DB08896
aclidinium,C1C[N+]2(CCC1C(C2)OC(=O)C(C3=CC=CS3)(C4=CC=CS4)O)CCCOC5=CC=CC=C5,DB08897
ponatinib,CC1=C(C=C(C=C1)C(=O)NC2=CC(=C(C=C2)CN3CCN(CC3)C)C(F)(F)F)C#CC4=CN=C5N4N=CC=C5,DB08901
fluticasone furoate,CC1CC2C3CC(C4=CC(=O)C=CC4(C3(C(CC2(C1(C(=O)SCF)OC(=O)C5=CC=CO5)C)O)F)C)F,DB08906
canagliflozin,CC1=C(C=C(C=C1)C2C(C(C(C(O2)CO)O)O)O)CC3=CC=C(S3)C4=CC=C(C=C4)F,DB08907
dimethyl-fumarate,COC(=O)C=CC(=O)OC,DB08908
trametinib,CC1=C2C(=C(N(C1=O)C)NC3=C(C=C(C=C3)I)F)C(=O)N(C(=O)N2C4=CC=CC(=C4)NC(=O)C)C5CC5,DB08911
dabrafenib,CC(C)(C)C1=NC(=C(S1)C2=NC(=NC=C2)N)C3=C(C(=CC=C3)NS(=O)(=O)C4=C(C=CC=C4F)F)F,DB08912
Levomilnacipran,CCN(CC)C(=O)C1(CC1CN)C2=CC=CC=C2,DB08918
perospirone,C1CCC2C(C1)C(=O)N(C2=O)CCCCN3CCN(CC3)C4=NSC5=CC=CC=C54,DB08922
riociguat,CN(C1=C(N=C(N=C1N)C2=NN(C3=C2C=CC=N3)CC4=CC=CC=C4F)N)C(=O)OC,DB08931
macitentan,CCCNS(=O)(=O)NC1=C(C(=NC=N1)OCCOC2=NC=C(C=N2)Br)C3=CC=C(C=C3)Br,DB08932
chlorcyclizine,CN1CCN(CC1)C(C2=CC=CC=C2)C3=CC=C(C=C3)Cl,DB08936
isoxsuprine,CC(COC1=CC=CC=C1)NC(C)C(C2=CC=C(C=C2)O)O,DB08941
etofenamate,C1=CC=C(C(=C1)C(=O)OCCOCCO)NC2=CC=CC(=C2)C(F)(F)F,DB08984
Butriptyline,CC(CC1C2=CC=CC=C2CCC3=CC=CC=C13)CN(C)C,DB09016
aliskiren-hemifumarate,CC(C)C(CC1=CC(=C(C=C1)OC)OCCCOC)CC(C(CC(C(C)C)C(=O)NCC(C)(C)C(=O)N)O)N,DB09026
vorapaxar,CCOC(=O)NC1CCC2C(C1)CC3C(C2C=CC4=NC=C(C=C4)C5=CC(=CC=C5)F)C(OC3=O)C,DB09030
suvorexant,CC1CCN(CCN1C(=O)C2=C(C=CC(=C2)C)N3N=CC=N3)C4=NC5=C(O4)C=CC(=C5)Cl,DB09034
empagliflozin,C1COCC1OC2=CC=C(C=C2)CC3=C(C=CC(=C3)C4C(C(C(C(O4)CO)O)O)O)Cl,DB09038
eliglustat,CCCCCCCC(=O)NC(CN1CCCC1)C(C2=CC3=C(C=C2)OCCO3)O,DB09039
naloxegol,COCCOCCOCCOCCOCCOCCOCCOC1CCC2(C3CC4=C5C2(C1OC5=C(C=C4)O)CCN3CC=C)O,DB09049
ibrutinib,C=CC(=O)N1CCCC(C1)N2C3=NC=NC(=C3C(=N2)C4=CC=C(C=C4)OC5=CC=CC=C5)N,DB09053
idelalisib,CCC(C1=NC2=C(C(=CC=C2)F)C(=O)N1C3=CC=CC=C3)NC4=NC=NC5=C4NC=N5,DB09054
vortioxetine,CC1=CC(=C(C=C1)SC2=CC=CC=C2N3CCNCC3)C,DB09068
olaparib,C1CC1C(=O)N2CCN(CC2)C(=O)C3=C(C=CC(=C3)CC4=NNC(=O)C5=CC=CC=C54)F,DB09074
edoxaban,CN1CCC2=C(C1)SC(=N2)C(=O)NC3CC(CCC3NC(=O)C(=O)NC4=NC=C(C=C4)Cl)C(=O)N(C)C,DB09075
umeclidinium,C1C[N+]2(CCC1(CC2)C(C3=CC=CC=C3)(C4=CC=CC=C4)O)CCOCC5=CC=CC=C5,DB09076
lenvatinib,COC1=CC2=NC=CC(=C2C=C1C(=O)N)OC3=CC(=C(C=C3)NC(=O)NC4CC4)Cl,DB09078
nintedanib,CN1CCN(CC1)CC(=O)N(C)C2=CC=C(C=C2)N=C(C3=CC=CC=C3)C4=C(NC5=C4C=CC(=C5)C(=O)OC)O,DB09079
olodaterol,CC(C)(CC1=CC=C(C=C1)OC)NCC(C2=C3C(=CC(=C2)O)NC(=O)CO3)O,DB09080
vilanterol,C1=CC(=C(C(=C1)Cl)COCCOCCCCCCNCC(C2=CC(=C(C=C2)O)CO)O)Cl,DB09082
ivabradine,CN(CCCN1CCC2=CC(=C(C=C2CC1=O)OC)OC)CC3CC4=CC(=C(C=C34)OC)OC,DB09083
tetracaine,CCCCNC1=CC=C(C=C1)C(=O)OCCN(C)C,DB09085
stiripentol,CC(C)(C)C(C=CC1=CC2=C(C=C1)OCO2)O,DB09118
brexpiprazole,C1CN(CCN1CCCCOC2=CC3=C(C=C2)C=CC(=O)N3)C4=C5C=CSC5=CC=C4,DB09128
sonidegib,CC1CN(CC(O1)C)C2=NC=C(C=C2)NC(=O)C3=CC=CC(=C3C)C4=CC=C(C=C4)OC(F)(F)F,DB09143
Sucroferric Oxyhydroxide,C(C1C(C(C(C(O1)OC2(C(C(C(O2)CO)O)O)CO)O)O)O)O.O.O.O.[OH-].[O-2].[O-2].[O-2].[O-2].[O-2].[O-2].[O-2].[O-2].[Na+].[Na+].[Fe+3].[Fe+3].[Fe+3].[Fe+3].[Fe+3],DB09146
etizolam,CCC1=CC2=C(S1)N3C(=NN=C3CN=C2C4=CC=CC=C4Cl)C,DB09166
dosulepin,CN(C)CCC=C1C2=CC=CC=C2CSC3=CC=CC=C31,DB09167
viloxazine,CCOC1=CC=CC=C1OCC2CNCCO2,DB09185
Lobeglitazone,CN(CCOC1=CC=C(C=C1)CC2C(=O)NC(=O)S2)C3=CC(=NC=N3)OC4=CC=C(C=C4)OC,DB09198
Moxisylyte,CC1=CC(=C(C=C1OC(=O)C)C(C)C)OCCN(C)C,DB09205
loxoprofen,CC(C1=CC=C(C=C1)CC2CCCC2=O)C(=O)O,DB09212
Dexibuprofen,CC(C)CC1=CC=C(C=C1)C(C)C(=O)O,DB09213
Polaprezinc,C1=C(NC=N1)CC(C(=O)O)[N-]C(=O)CCN.[Zn],DB09221
blonanserin,CCN1CCN(CC1)C2=NC3=C(CCCCCC3)C(=C2)C4=CC=C(C=C4)F,DB09223
Aranidipine,CC1=C(C(C(=C(N1)C)C(=O)OCC(=O)C)C2=CC=CC=C2[N+](=O)[O-])C(=O)OC,DB09229
azelnidipine,CC1=C(C(C(=C(N1)N)C(=O)OC2CN(C2)C(C3=CC=CC=C3)C4=CC=CC=C4)C5=CC(=CC=C5)[N+](=O)[O-])C(=O)OC(C)C,DB09230
Efonidipine,CC1=C(C(C(=C(N1)C)P2(=O)OCC(CO2)(C)C)C3=CC(=CC=C3)[N+](=O)[O-])C(=O)OCCN(CC4=CC=CC=C4)C5=CC=CC=C5,DB09235
pirlindole,CC1=CC2=C(C=C1)N3CCNC4C3=C2CCC4,DB09244
imidafenacin,CC1=NC=CN1CCC(C2=CC=CC=C2)(C3=CC=CC=C3)C(=O)N,DB09262
Lixisenatide,CCC(C)C(C(=O)NC(CCC(=O)O)C(=O)NC(CC1=CNC2=CC=CC=C21)C(=O)NC(CC(C)C)C(=O)NC(CCCCN)C(=O)NC(CC(=O)N)C(=O)NCC(=O)NCC(=O)N3CCCC3C(=O)NC(CO)C(=O)NC(CO)C(=O)NCC(=O)NC(C)C(=O)N4CCCC4C(=O)N5CCCC5C(=O)NC(CO)C(=O)NC(CCCCN)C(=O)NC(CCCCN)C(=O)NC(CCCCN)C(=O)NC(CCCCN)C(=O)NC(CCCCN)C(=O)NC(CCCCN)C(=O)N)NC(=O)C(CC6=CC=CC=C6)NC(=O)C(CC(C)C)NC(=O)C(CCCNC(=N)N)NC(=O)C(C(C)C)NC(=O)C(C)NC(=O)C(CCC(=O)O)NC(=O)C(CCC(=O)O)NC(=O)C(CCC(=O)O)NC(=O)C(CCSC)NC(=O)C(CCC(=O)N)NC(=O)C(CCCCN)NC(=O)C(CO)NC(=O)C(CC(C)C)NC(=O)C(CC(=O)O)NC(=O)C(CO)NC(=O)C(C(C)O)NC(=O)C(CC7=CC=CC=C7)NC(=O)C(C(C)O)NC(=O)CNC(=O)C(CCC(=O)O)NC(=O)CNC(=O)C(CC8=CNC=N8)N,DB09265
eluxadoline,CC1=CC(=CC(=C1CC(C(=O)N(CC2=CC(=C(C=C2)OC)C(=O)O)C(C)C3=NC=C(N3)C4=CC=CC=C4)N)C)C(=O)N,DB09272
fimasartan,CCCCC1=NC(=C(C(=O)N1CC2=CC=C(C=C2)C3=CC=CC=C3C4=NNN=N4)CC(=S)N(C)C)C,DB09279
ramosetron,CN1C=C(C2=CC=CC=C21)C(=O)C3CCC4=C(C3)NC=N4,DB09290
sacubitril,CCOC(=O)C(C)CC(CC1=CC=C(C=C1)C2=CC=CC=C2)NC(=O)CCC(=O)O,DB09292
norgestrel,CCC12CCC3C(C1CCC2(C#C)O)CCC4=CC(=O)CCC34,DB09389
Glycerin,C(C(CO)O)O,DB09462
enalaprilat,CC(C(=O)N1CCCC1C(=O)O)NC(CCC2=CC=CC=C2)C(=O)O,DB09477
magnesium carbonate,C(=O)([O-])[O-].[Mg+2],DB09481
acrivastine,CC1=CC=C(C=C1)C(=CCN2CCCC2)C3=CC=CC(=N3)C=CC(=O)O,DB09488
sodium ferric gluconate complex,OC[C@H](O)[C@@H](O)[C@H](O)[C@H](O)C(=O)[O-].[Fe+3],DB09517
hydroquinone,C1=CC(=CC=C1O)O,DB09526
Dexchlorpheniramine maleate,CN(C)CCC(C1=CC=C(C=C1)Cl)C2=CC=CC=N2.C(=CC(=O)O)C(=O)O,DB09555
selexipag,CC(C)N(CCCCOCC(=O)NS(=O)(=O)C)C1=CN=C(C(=N1)C2=CC=CC=C2)C3=CC=CC=C3,DB11362
alectinib,CCC1=CC2=C(C=C1N3CCC(CC3)N4CCOCC4)C(C5=C(C2=O)C6=C(N5)C=C(C=C6)C#N)(C)C,DB11363
lesinurad,C1CC1C2=CC=C(C3=CC=CC=C23)N4C(=NN=C4Br)SCC(=O)O,DB11560
venetoclax,CC1(CCC(=C(C1)C2=CC=C(C=C2)Cl)CN3CCN(CC3)C4=CC(=C(C=C4)C(=O)NS(=O)(=O)C5=CC(=C(C=C5)NCC6CCOCC6)[N+](=O)[O-])OC7=CN=C8C(=C7)C=CN8)C,DB11581
thiocolchicoside,CC(=O)NC1CCC2=CC(=C(C(=C2C3=CC=C(C(=O)C=C13)SC)OC)OC)OC4C(C(C(C(O4)CO)O)O)O,DB11582
bilastine,CCOCCN1C2=CC=CC=C2N=C1C3CCN(CC3)CCC4=CC=C(C=C4)C(C)(C)C(=O)O,DB11591
corticorelin ovine triflutate,CCC(C)C(C(=O)NC(CO)C(=O)NC(CC(C)C)C(=O)NC(CC(=O)O)C(=O)NC(CC(C)C)C(=O)NC(C(C)O)C(=O)NC(CC1=CC=CC=C1)C(=O)NC(CC2=CN=CN2)C(=O)NC(CC(C)C)C(=O)NC(CC(C)C)C(=O)NC(CCCNC(=N)N)C(=O)NC(CCC(=O)O)C(=O)NC(C(C)C)C(=O)NC(CC(C)C)C(=O)NC(CCC(=O)O)C(=O)NC(CCSC)C(=O)NC(C(C)O)C(=O)NC(CCCCN)C(=O)NC(C)C(=O)NC(CC(=O)O)C(=O)NC(CCC(=O)N)C(=O)NC(CC(C)C)C(=O)NC(C)C(=O)NC(CCC(=O)N)C(=O)NC(CCC(=O)N)C(=O)NC(C)C(=O)NC(CC3=CN=CN3)C(=O)NC(CO)C(=O)NC(CC(=O)N)C(=O)NC(CCCNC(=N)N)C(=O)NC(CCCCN)C(=O)NC(CC(C)C)C(=O)NC(CC(C)C)C(=O)NC(CC(=O)O)C(=O)NC(C(C)CC)C(=O)NC(C)C(=O)N)NC(=O)C4CCCN4C(=O)C5CCCN5C(=O)C(CCC(=O)O)NC(=O)C(CCC(=O)N)NC(=O)C(CO)N,DB09067
dabigatran etexilate,CCCCCCOC(=O)\N=C(\N)C1=CC=C(NCC2=NC3=C(C=CC(=C3)C(=O)N(CCC(=O)OCC)C3=NC=CC=C3)N2C)C=C1,DB06695
estradiol cypionate,CC12CCC3C(C1CCC2OC(=O)CCC4CCCC4)CCC5=C3C=CC(=C5)O,DB13954
ethynodiol-diacetate,CC(=O)OC1CCC2C3CCC4(C(C3CCC2=C1)CCC4(C#C)OC(=O)C)C,DB00823
mycophenolate-mofetil,CC1=C2COC(=O)C2=C(C(=C1OC)CC=C(C)CCC(=O)OCCN3CCOCC3)O,DB00688
Nandrolone phenpropionate,CC12CCC3C(C1CCC2OC(=O)CCC4=CC=CC=C4)CCC5=CC(=O)CCC35,DB00984
Pyridoxal Phosphate,CC1=NC=C(C(=C1O)C=O)COP(=O)(O)O,DB00114
choline salicylate,C[N+](C)(C)CCO.C1=CC=C(C(=C1)C(=O)O)[O-],DB14006
testosterone cypionate,CC12CCC3C(C1CCC2OC(=O)CCC4CCCC4)CCC5=CC(=O)CCC35C,DB13943
coenzyme Q10,CC1=C(C(=O)C(=C(C1=O)OC)OC)CC=C(C)CCC=C(C)CCC=C(C)CCC=C(C)CCC=C(C)CCC=C(C)CCC=C(C)CCC=C(C)CCC=C(C)CCC=C(C)C,DB09270
propylene glycol,CC(CO)O,DB01839
Methylene Blue,CN(C)C1=CC2=C(C=C1)N=C3C=CC(=[N+](C)C)C=C3S2.[Cl-],DB09241
acenocoumarol,CC(=O)CC(C1=CC=C(C=C1)[N+](=O)[O-])C2=C(C3=CC=CC=C3OC2=O)O,DB01418
acetohexamide,CC(=O)C1=CC=C(C=C1)S(=O)(=O)NC(=O)NC2CCCCC2,DB00414
Adenine,C1=NC2=NC=NC(=C2N1)N,DB00173
Adinazolam,CN(C)CC1=NN=C2N1C3=C(C=C(C=C3)Cl)C(=NC2)C4=CC=CC=C4,DB00546
ajmaline,CCC1C2CC3C4C5(CC(C2C5O)N3C1O)C6=CC=CC=C6N4C,DB01426
Alitretinoin,CC1=C(C(CCC1)(C)C)C=CC(=CC=CC(=CC(=O)O)C)C,DB00523
allylestrenol,CC12CCC3C(C1CCC2(CC=C)O)CCC4=CCCCC34,DB01431
alprenolol,CC(C)NCC(COC1=CC=CC=C1CC=C)O,DB00866
alverine,CCN(CCCC1=CC=CC=C1)CCCC2=CC=CC=C2,DB01616
amifostine,C(CN)CNCCSP(=O)(O)O,DB01143
amsacrine,COC1=C(C=CC(=C1)NS(=O)(=O)C)NC2=C3C=CC=CC3=NC4=CC=CC=C42,DB00276
bempedoic acid,CC(C)CC(O)C(=O)OCC1=CC=C(C=C1)C(=O)O,DB11157
artemether,[H][C@@]12CC[C@@H](C)[C@]3([H])CC[C@@]4(C)OO[C@@]13[C@]([H])(O[C@H](OC)[C@@H]2C)O4,DB06697
atosiban,CCC(C)C1C(=O)NC(C(=O)NC(C(=O)NC(CSSCCC(=O)NC(C(=O)N1)CC2=CC=C(C=C2)OCC)C(=O)N3CCCC3C(=O)NC(CCCN)C(=O)NCC(=O)N)CC(=O)N)C(C)O,DB09059
atropine,CN1C2CCC1CC(C2)OC(=O)C(CO)C3=CC=CC=C3,DB00572
aurothioglucose,C(C1C(C(C(C(O1)[S-])O)O)O)O.[Au+],DB09121
azacitidine,C1=NC(=NC(=O)N1C2C(C(C(O2)CO)O)O)N,DB00928
bambuterol,CC(C)(C)NCC(C1=CC(=CC(=C1)OC(=O)N(C)C)OC(=O)N(C)C)O,DB01408
benserazide,C1=CC(=C(C(=C1CNNC(=O)C(CO)N)O)O)O,DB12783
berberine,COC1=CC=C2C=C3C4=CC5=C(OCO5)C=C4CC[N+]3=CC2=C1OC,DB04115
betrixaban,CN(C)C(=N)C1=CC=C(C=C1)C(=O)NC2=C(C=C(C=C2)OC)C(=O)NC3=NC=C(C=C3)Cl,DB12364
bevantolol,CC1=CC(=CC=C1)OCC(CNCCC2=CC(=C(C=C2)OC)OC)O,DB01295
bivalirudin,CCC(C)C(C(=O)N1CCCC1C(=O)NC(CCC(=O)O)C(=O)NC(CCC(=O)O)C(=O)NC(CC2=CC=C(C=C2)O)C(=O)NC(CC(C)C)C(=O)O)NC(=O)C(CCC(=O)O)NC(=O)C(CCC(=O)O)NC(=O)C(CC3=CC=CC=C3)NC(=O)C(CC(=O)O)NC(=O)CNC(=O)C(CC(=O)N)NC(=O)CNC(=O)CNC(=O)CNC(=O)CNC(=O)C4CCCN4C(=O)C(CCCNC(=N)N)NC(=O)C5CCCN5C(=O)C(CC6=CC=CC=C6)N,DB00006
bopindolol,CC1=CC2=C(N1)C=CC=C2OCC(CNC(C)(C)C)OC(=O)C3=CC=CC=C3,DB08807
brivaracetam,CCCC1CC(=O)N(C1)C(CC)C(=O)N,DB05541
Bromazepam,C1C(=O)NC2=C(C=C(C=C2)Br)C(=N1)C3=CC=CC=N3,DB01558
carprofen,CC(C1=CC2=C(C=C1)C3=C(N2)C=CC(=C3)Cl)C(=O)O,DB00821
cerivastatin,CC(C)C1=CC=C(C=C1)C(C2=CC=C(C=C2)F)C(C(=O)O)OCC3=CN(C4=CC=CC=C34)C,DB00439
Cerulenin,[H][C@]1(O[C@]1([H])C(=O)CC\C=C\C\C=C\C)C(N)=O,DB01034
cevimeline,CC1OC2(CN3CCC2CC3)CS1,DB00185
chloropyramine,CN(C)CCN(CC1=CC=C(C=C1)Cl)C2=CC=CC=N2,DB08800
cinacalcet,CC(C1=CC=CC2=CC=CC=C21)NCCCC3=CC(=CC=C3)C(F)(F)F,DB01012
Cinitapride,CCOC1=CC(=C(C=C1C(=O)NC2CCN(CC2)CC3CCC=CC3)[N+](=O)[O-])N,DB08810
ciprofibrate,CC(C)(C(=O)O)OC1=CC=C(C=C1)C2CC2(Cl)Cl,DB09064
clenbuterol,CC(C)(C)NCC(C1=CC(=C(C(=C1)Cl)N)Cl)O,DB01407
Cosyntropin,CC(C)C(C(=O)NCC(=O)NC(CCCCN)C(=O)NC(CCCCN)C(=O)NC(CCCNC(=N)N)C(=O)NC(CCCNC(=N)N)C(=O)N1CCCC1C(=O)NC(C(C)C)C(=O)NC(CCCCN)C(=O)NC(C(C)C)C(=O)NC(CC2=CC=C(C=C2)O)C(=O)N3CCCC3C(=O)O)NC(=O)C4CCCN4C(=O)C(CCCCN)NC(=O)CNC(=O)C(CC5=CNC6=CC=CC=C65)NC(=O)C(CCCNC(=N)N)NC(=O)C(CC7=CC=CC=C7)NC(=O)C(CC8=CNC=N8)NC(=O)C(CCC(=O)O)NC(=O)C(CCSC)NC(=O)C(CO)NC(=O)C(CC9=CC=C(C=C9)O)NC(=O)C(CO)N,DB01284
creatine,CN(CC(O)=O)C(N)=N,DB00148
cyclandelate,CC1CC(CC(C1)(C)C)OC(=O)C(C2=CC=CC=C2)O,DB04838
cyclothiazide,C1C2CC(C1C=C2)C3NC4=CC(=C(C=C4S(=O)(=O)N3)S(=O)(=O)N)Cl,DB00606
debrisoquin,C1CN(CC2=CC=CC=C21)C(=N)N,DB04840
degarelix,CC(C)CC(C(=O)NC(CCCCNC(C)C)C(=O)N1CCCC1C(=O)NC(C)C(=O)N)NC(=O)C(CC2=CC=C(C=C2)NC(=O)N)NC(=O)C(CC3=CC=C(C=C3)NC(=O)C4CC(=O)NC(=O)N4)NC(=O)C(CO)NC(=O)C(CC5=CN=CC=C5)NC(=O)C(CC6=CC=C(C=C6)Cl)NC(=O)C(CC7=CC8=CC=CC=C8C=C7)NC(=O)C,DB06699
Dehydroepiandrosterone,CC12CCC3C(C1CCC2=O)CC=C4C3(CCC(C4)O)C,DB01708
deserpidine,COC1C(CC2CN3CCC4=C(C3CC2C1C(=O)OC)NC5=CC=CC=C45)OC(=O)C6=CC(=C(C(=C6)OC)OC)OC,DB01089
deslanoside,CC1C(C(CC(O1)OC2CCC3(C(C2)CCC4C3CC(C5(C4(CCC5C6=CC(=O)OC6)O)C)O)C)O)OC7CC(C(C(O7)C)OC8CC(C(C(O8)C)OC9C(C(C(C(O9)CO)O)O)O)O)O,DB01078
desogestrel,CCC12CC(=C)C3C(C1CCC2(C#C)O)CCC4=CCCCC34,DB00304
dexrazoxane,CC(CN1CC(=O)NC(=O)C1)N2CC(=O)NC(=O)C2,DB00380
Diethylstilbestrol,CCC(=C(CC)C1=CC=C(C=C1)O)C2=CC=C(C=C2)O,DB00255
Digitoxin,CC1C(C(CC(O1)OC2C(OC(CC2O)OC3C(OC(CC3O)OC4CCC5(C(C4)CCC6C5CCC7(C6(CCC7C8=CC(=O)OC8)O)C)C)C)C)O)O,DB01396
dimetindene,CC(C1=CC=CC=N1)C2=C(CC3=CC=CC=C32)CCN(C)C,DB08801
dofetilide,CN(CCC1=CC=C(C=C1)NS(=O)(=O)C)CCOC2=CC=C(C=C2)NS(=O)(=O)C,DB00204
doxercalciferol,CC(C)C(C)C=CC(C)C1CCC2C1(CCCC2=CC=C3CC(CC(C3=C)O)O)C,DB06410
doxofylline,CN1C2=C(C(=O)N(C1=O)C)N(C=N2)CC3OCCO3,DB09273
dydrogesterone,CC(=O)C1CCC2C1(CCC3C2C=CC4=CC(=O)CCC34C)C,DB00378
Enflurane,C(C(OC(F)F)(F)F)(F)Cl,DB00228
enoximone,CC1=C(NC(=O)N1)C(=O)C2=CC=C(C=C2)SC,DB04880
Enprofylline,CCCN1C2=C(NC=N2)C(=O)NC1=O,DB00824
Estazolam,C1C2=NN=CN2C3=C(C=C(C=C3)Cl)C(=N1)C4=CC=CC=C4,DB01215
Ethanol,CCO,DB00898
etomidate,CCOC(=O)C1=CN=CN1C(C)C2=CC=CC=C2,DB00292
exemestane,CC12CCC3C(C1CCC2=O)CC(=C)C4=CC(=O)C=CC34C,DB00990
retigabine,CCOC(=O)NC1=C(C=C(C=C1)NCC2=CC=C(C=C2)F)N,DB04953
Felypressin,C1CC(N(C1)C(=O)C2CSSCC(C(=O)NC(C(=O)NC(C(=O)NC(C(=O)NC(C(=O)N2)CC(=O)N)CCC(=O)N)CC3=CC=CC=C3)CC4=CC=CC=C4)N)C(=O)NC(CCCCN)C(=O)NCC(=O)N,DB00093
Fenfluramine,CCNC(C)CC1=CC(=CC=C1)C(F)(F)F,DB00574
fenoterol,CC(C)NCC(C1=CC(=CC(=C1)O)O)OCC2=CC=C(C=C2)O,DB01288
flucytosine,C1=NC(=O)NC(=C1F)N,DB01099
fludarabine,C1=NC2=C(N=C(N=C2N1C3C(C(C(O3)CO)O)O)F)N,DB01073
fostamatinib,CC1(C(=O)N(C2=C(O1)C=CC(=N2)NC3=NC(=NC=C3F)NC4=CC(=C(C(=C4)OC)OC)OC)COP(=O)(O)O)C,DB12010
Framycetin,C1C(C(C(C(C1N)OC2C(C(C(C(O2)CN)O)O)N)OC3C(C(C(O3)CO)OC4C(C(C(C(O4)CN)O)O)N)O)O)N,DB00452
fulvestrant,CC12CCC3C(C1CCC2O)C(CC4=C3C=CC(=C4)O)CCCCCCCCCS(=O)CCCC(C(F)(F)F)(F)F,DB00947
glucosamine,C(C1C(C(C(C(O1)O)N)O)O)O,DB01296
Glutathione,C(CC(=O)NC(CS)C(=O)NCC(=O)O)C(C(=O)O)N,DB00143
Hesperetin,COC1=C(C=C(C=C1)C2CC(=O)C3=C(C=C(C=C3O2)O)O)O,DB01094
Hyaluronic acid,CC(=O)N[C@H]1[C@H](O)O[C@H](CO)[C@@H](O)C1O[C@@H]1O[C@@H]([C@@H](O[C@@H]2O[C@H](CO)[C@@H](O)C(O[C@@H]3O[C@@H]([C@@H](O)[C@H](O)[C@H]3O)C(O)=O)[C@H]2NC(C)=O)[C@H](O)[C@H]1O)C(O)=O,DB08818
hycanthone,CCN(CC)CCNC1=C2C(=C(C=C1)CO)SC3=CC=CC=C3C2=O,DB14061
ibutilide,CCCCCCCN(CC)CCCC(C1=CC=C(C=C1)NS(=O)(=O)C)O,DB00308
indacaterol,CCC1=C(C=C2CC(CC2=C1)NCC(C3=C4C=CC(=O)NC4=C(C=C3)O)O)CC,DB05039
Indecainide,CC(C)NCC(C1=CC=CC=C1)NC(=O)C2=CC=CC=C2,DB00192
isoflurophate,CC(C)OP(=O)(OC(C)C)F,DB00677
isosorbide,C1C(C2C(O1)C(CO2)O)O,DB09401
lacosamide,CC(=O)NC(COC)C(=O)NCC1=CC=CC=C1,DB06218
letrozole,C1=CC(=CC=C1C#N)C(C2=CC=C(C=C2)C#N)N3C=NC=N3,DB01006
Levamisole,C1CSC2=NC(CN21)C3=CC=CC=C3,DB00848
Lucanthone,CCN(CC)CCNC1=CC2=C(C=C1)SC3=CC=CC=C3C2=O,DB04967
maxacalcitol,CC(C1CCC2C1(CCCC2=CC=C3CC(CC(C3=C)O)O)C)OCCC(C)(C)O,DB06272
memantine,CC12CC3CC(C1)(CC(C3)(C2)N)C,DB01043
mequinol,COC1=CC=C(C=C1)O,DB09516
Mequitazine,C1CN2CCC1C(C2)CN3C4=CC=CC=C4SC5=CC=CC=C53,DB01071
metaraminol,CC(C(C1=CC(=CC=C1)O)O)N,DB00610
methacholine,CC(C[N+](C)(C)C)OC(=O)C,DB06709
methysergide,CCC(CO)NC(=O)C1CN(C2CC3=CN(C4=CC=CC(=C34)C2=C1)C)C,DB00247
metyrapone,CC(C)(C1=CN=CC=C1)C(=O)C2=CN=CC=C2,DB01011
minaprine,CC1=CC(=NN=C1NCCN2CCOCC2)C3=CC=CC=C3,DB00805
monobenzone,C1=CC=C(C=C1)COC2=CC=C(C=C2)O,DB00600
NADH,C1C=CN(C=C1C(=O)N)C2C(C(C(O2)COP(=O)(O)OP(=O)(O)OCC3C(C(C(O3)N4C=NC5=C(N=CN=C54)N)O)O)O)O,DB00157
nicergoline,CN1CC(CC2(C1CC3=CN(C4=CC=CC2=C34)C)OC)COC(=O)C5=CC(=CN=C5)Br,DB00699
nicorandil,C1=CC(=CN=C1)C(=O)NCCO[N+](=O)[O-],DB09220
nimesulide,CS(=O)(=O)NC1=C(C=C(C=C1)[N+](=O)[O-])OC2=CC=CC=C2,DB04743
norelgestromin,CCC12CCC3C(C1CCC2(C#C)O)CCC4=CC(=NO)CCC34,DB06713
noretynodrel,CC12CCC3C(C1CCC2(C#C)O)CCC4=C3CCC(=O)C4,DB09371
buphenine,CC(CCC1=CC=CC=C1)NC(C)C(C2=CC=C(C=C2)O)O,DB06152
ouabain,CC1C(C(C(C(O1)OC2CC(C3(C4C(CCC3(C2)O)C5(CCC(C5(CC4O)C)C6=CC(=O)OC6)O)CO)O)O)O)O,DB01092
oxandrolone,CC12CCC3C(C1CCC2(C)O)CCC4C3(COC(=O)C4)C,DB00621
Oxtriphylline,C[N+](C)(C)CCO.CN1C2=C([N-]C=N2)C(=O)N(C)C1=O,DB01303
Oxygen,O=O,DB09140
paricalcitol,CC(C=CC(C)C(C)(C)O)C1CCC2C1(CCCC2=CC=C3CC(CC(C3)O)O)C,DB00910
Phenformin,C1=CC=C(C=C1)CCN=C(N)N=C(N)N,DB00914
phenindione,C1=CC=C(C=C1)C2C(=O)C3=CC=CC=C3C2=O,DB00498
Phenylbutazone,CCCCC1C(=O)N(N(C1=O)C2=CC=CC=C2)C3=CC=CC=C3,DB00812
pimecrolimus,CCC1C=C(CC(CC(C2C(CC(C(O2)(C(=O)C(=O)N3CCCCC3C(=O)OC(C(C(CC1=O)O)C)C(=CC4CCC(C(C4)OC)Cl)C)O)C)OC)OC)C)C,DB00337
Practolol,CC(C)NCC(COC1=CC=C(C=C1)NC(C)=O)O,DB01297
Pramlintide,CCC(C)C(C(=O)NC(CC(C)C)C(=O)N1CCCC1C(=O)N2CCCC2C(=O)NC(C(C)O)C(=O)NC(CC(=O)N)C(=O)NC(C(C)C)C(=O)NCC(=O)NC(CO)C(=O)NC(CC(=O)N)C(=O)NC(C(C)O)C(=O)NC(CC3=CC=C(C=C3)O)C(=O)N)NC(=O)C4CCCN4C(=O)CNC(=O)C(CC5=CC=CC=C5)NC(=O)C(CC(=O)N)NC(=O)C(CC(=O)N)NC(=O)C(CO)NC(=O)C(CO)NC(=O)C(CC6=CNC=N6)NC(=O)C(C(C)C)NC(=O)C(CC(C)C)NC(=O)C(CC7=CC=CC=C7)NC(=O)C(CC(=O)N)NC(=O)C(C)NC(=O)C(CC(C)C)NC(=O)C(CCCNC(=N)N)NC(=O)C(CCC(=O)N)NC(=O)C(C(C)O)NC(=O)C(C)NC(=O)C8CSSCC(C(=O)NC(C(=O)NC(C(=O)NC(C(=O)NC(C(=O)N8)C(C)O)C)C(C)O)CC(=O)N)NC(=O)C(CCCCN)N,DB01278
procainamide,CCN(CC)CCNC(=O)C1=CC=C(C=C1)N,DB01035
procaterol,CCC(C(C1=C2C=CC(=O)NC2=C(C=C1)O)O)NC(C)C,DB01366
profenamine,CCN(CC)C(C)CN1C2=CC=CC=C2SC3=CC=CC=C31,DB00392
propofol,CC(C)C1=C(C(=CC=C1)C(C)C)O,DB00818
pyridoxal,CC1=NC=C(C(=C1O)C=O)CO,DB00147
raltitrexed,CC1=NC2=C(C=C(C=C2)CN(C)C3=CC=C(S3)C(=O)NC(CCC(=O)O)C(=O)O)C(=O)N1,DB00293
Remikiren,CC(C)(C)S(=O)(=O)CC(CC1=CC=CC=C1)C(=O)NC(CC2=CN=CN2)C(=O)NC(CC3CCCCC3)C(C(C4CC4)O)O,DB00212
resorcinol,C1=CC(=CC(=C1)O)O,DB11085
rivaroxaban,C1COCC(=O)N1C2=CC=C(C=C2)N3CC(OC3=O)CNC(=O)C4=CC=C(S4)Cl,DB06228
Rofecoxib,CS(=O)(=O)C1=CC=C(C=C1)C1=C(C=O)OC2=CC=CC=C12,DB00533
Rosiglitazone,CN(CCOC1=CC=C(C=C1)CC2C(=O)NC(=O)S2)C3=CC=CC=N3,DB00412
safinamide,CC(C(=O)N)NCC1=CC=C(C=C1)OCC2=CC(=CC=C2)F,DB06654
seratrodast,CC1=C(C(=O)C(=C(C1=O)C)C(CCCCCC(=O)O)C2=CC=CC=C2)C,DB06739
sotalol,CC(C)NCC(C1=CC=C(C=C1)NS(=O)(=O)C)O,DB00489
Spermine,C(CCNCCCN)CNCCCN,DB00127
Tegaserod,COC1=CC2=C(C=C1)NC=C2/C=N/CCCN=C(N)NCCCC,DB01079
Terfenadine,CC(C)(C)C1=CC=C(C=C1)C(CCCN2CCC(CC2)C(C3=CC=CC=C3)(C4=CC=CC=C4)O)O,DB00342
tetrabenazine,CC(C)CC1CN2CCC3=CC(=C(C=C3C2CC1=O)OC)OC,DB04844
Dronabinol,[H][C@@]12C=C(C)CC[C@@]1([H])C(C)(C)OC1=C2C(O)=CC(CCCCC)=C1,DB00470
Theobromine,CN1C=NC2=C1C(=O)NC(=O)N2C,DB01412
Triclosan,C1=CC(=C(C=C1Cl)O)Oc2cc(Cl)ccc2Cl,DB08604
triflusal,CC(=O)OC1=C(C=CC(=C1)C(F)(F)F)C(=O)O,DB08814
Trimetrexate,CC1=C(C=CC2=C1C(=NC(=N2)N)N)CNC3=CC(=C(C(=C3)OC)OC)OC,DB01157
troleandomycin,CC1CC(C(C(O1)OC2C(CC3(CO3)C(=O)C(C(C(C(OC(=O)C(C(C2C)OC4CC(C(C(O4)C)OC(=O)C)OC)C)C)C)OC(=O)C)C)C)OC(=O)C)N(C)C,DB13179
Tromethamine,C(C(CO)(CO)N)O,DB03754
tubocurarine,CN1CCC2=CC(=C3C=C2C1CC4=CC=C(C=C4)OC5=C6C(CC7=CC(=C(C=C7)O)O3)[N+](CCC6=CC(=C5O)OC)(C)C)OC,DB01199
Valdecoxib,CC1=C(C(=NO1)C1=CC=CC=C1)C1=CC=C(C=C1)S(N)(=O)=O,DB00580
Vapreotide,CC(C)C1C(=O)NC(CSSCC(C(=O)NC(C(=O)NC(C(=O)NC(C(=O)N1)CCCCN)CC2=CNC3=CC=CC=C32)CC4=CC=C(C=C4)O)NC(=O)C(CC5=CC=CC=C5)N)C(=O)NC(CC6=CNC7=CC=CC=C76)C(=O)N,DB04894
Ximelagatran,CCOC(=O)CNC(C1CCCCC1)C(=O)N2CCC2C(=O)NCC3=CC=C(C=C3)C(=NO)N,DB04898
yohimbine,COC(=O)C1C(CCC2C1CC3C4=C(CCN3C2)C5=CC=CC=C5N4)O,DB01392
zinc,[Zn],DB01593
zonisamide,C1=CC=C2C(=C1)C(=NO2)CS(=O)(=O)N,DB00909
carglumic-acid,C(CC(=O)O)C(C(=O)O)NC(=O)N,DB06775
Citric acid,OC(=O)CC(O)(CC(=O)O)C(=O)O,DB04272
fenofibric-acid,CC(C)(C(=O)O)OC1=CC=C(C=C1)C(=O)C2=CC=C(C=C2)Cl,DB13873
glycolic acid,C(C(=O)O)O,DB03085
linolenic acid,CC\C=C/C\C=C/C\C=C/CCCCCCCC(O)=O,DB00132
mycophenolic-acid,CC1=C2COC(=O)C2=C(C(=C1OC)CC=C(C)CCC(=O)O)O,DB01024
niflumic-acid,C1=CC(=CC(=C1)NC2=C(C=CC=N2)C(=O)O)C(F)(F)F,DB04552
obeticholic acid,CCC1C2CC(CCC2(C3CCC4(C(C3C1O)CCC4C(C)CCC(=O)O)C)C)O,DB05990
Pyruvic acid,CC(=O)C(=O)O,DB00119
menadione,CC1=CC(=O)C2=CC=CC=C2C1=O,DB00170
6-Aminocaproic Acid,C(CCC(=O)O)CCN,DB00513
L-Glutamic Acid,C(CC(=O)O)C(C(=O)O)N,DB00142
L-Valine,CC(C)C(C(=O)O)N,DB00161
L-Cystine,C(C(C(=O)O)N)SSCC(C(=O)O)N,DB00138
L-Arginine,C(CC(C(=O)O)N)CN=C(N)N,DB00125
L-Histidine,C1=C(NC=N1)CC(C(=O)O)N,DB00117
L-Ornithine,C(CC(C(=O)O)N)CN,DB00129
L-Asparagine,C(C(C(=O)O)N)C(=O)N,DB00174
L-Citrulline,C(CC(C(=O)O)N)CNC(=O)N,DB00155
L-Phenylalanine,C1=CC=C(C=C1)CC(C(=O)O)N,DB00120
ademetionine,C[S+](CCC(C(=O)[O-])N)CC1C(C(C(O1)N2C=NC3=C(N=CN=C32)N)O)O,DB00118
Ceruletide,CC(C(C(=O)NCC(=O)NC(CC1=CNC2=CC=CC=C21)C(=O)NC(CCSC)C(=O)NC(CC(=O)O)C(=O)NC(CC3=CC=CC=C3)C(=O)N)NC(=O)C(CC4=CC=C(C=C4)OS(=O)(=O)O)NC(=O)C(CC(=O)O)NC(=O)C(CCC(=O)N)NC(=O)C5CCC(=O)N5)O,DB00403
Trisalicylate-choline,C[N+](C)(C)CCO.C1=CC=C(C(=C1)C(=O)O)[O-].C1=CC=C(C(=C1)C(=O)O)[O-].C1=CC=C(C(=C1)C(=O)O)[O-].[Mg+2],DB01401
Latanoprostene bunod,O[C@H](CC[C@H]1[C@H](O)C[C@H](O)[C@@H]1C\C=C/CCCC(=O)OCCCCO[N+]([O-])=O)CCC1=CC=CC=C1,DB11660
baricitinib,CCS(=O)(=O)N1CC(C1)(CC#N)N2C=C(C=N2)C3=C4C=CNC4=NC=N3,DB11817
ertugliflozin,CCOC1=CC=C(C=C1)CC2=C(C=CC(=C2)C34C(C(C(C(O3)(CO4)CO)O)O)O)Cl,DB11827
lumacaftor,CC1=C(N=C(C=C1)NC(=O)C2(CC2)C3=CC4=C(C=C3)OC(O4)(F)F)C5=CC(=CC=C5)C(=O)O,DB09280
Semaglutide,CC[C@H](C)[C@H](NC(=O)[C@H](CC1=CC=CC=C1)NC(=O)[C@H](CCC(O)=O)NC(=O)[C@H](CCCCNC(=O)COCCOCCNC(=O)COCCOCCNC(=O)CC[C@@H](NC(=O)CCCCCCCCCCCCCCCCC(O)=O)C(O)=O)NC(=O)[C@H](C)NC(=O)[C@H](C)NC(=O)[C@H](CCC(N)=O)NC(=O)CNC(=O)[C@H](CCC(O)=O)NC(=O)[C@H](CC(C)C)NC(=O)[C@H](CC1=CC=C(O)C=C1)NC(=O)[C@H](CO)NC(=O)[C@H](CO)NC(=O)[C@@H](NC(=O)[C@H](CC(O)=O)NC(=O)[C@H](CO)NC(=O)[C@@H](NC(=O)[C@H](CC1=CC=CC=C1)NC(=O)[C@@H](NC(=O)CNC(=O)[C@H](CCC(O)=O)NC(=O)C(C)(C)NC(=O)[C@@H](N)CC1=CN=CN1)[C@@H](C)O)[C@@H](C)O)C(C)C)C(=O)N[C@@H](C)C(=O)N[C@@H](CC1=CNC2=C1C=CC=C2)C(=O)N[C@@H](CC(C)C)C(=O)N[C@@H](C(C)C)C(=O)N[C@@H](CCCNC(N)=N)C(=O)NCC(=O)N[C@@H](CCCNC(N)=N)C(=O)NCC(O)=O,DB13928
velcalcetide,CC(C(=O)NC(CCCN=C(N)N)C(=O)N)NC(=O)C(CCCN=C(N)N)NC(=O)C(CCCN=C(N)N)NC(=O)C(CCCN=C(N)N)NC(=O)C(C)NC(=O)C(CSSCC(C(=O)O)N)NC(=O)C,DB12865
gamma-Homolinolenic acid,CCCCCC=CCC=CCC=CCCCCCCC(=O)O,DB00154
acetylcholine,CC(=O)OCC[N+](C)(C)C,DB03128
dapiprazole,CC1=CC=CC=C1N2CCN(CC2)CCC3=NN=C4N3CCCC4,DB00298
pizotifen,CN1CCC(=C2C3=C(CCC4=CC=CC=C42)SC=C3)CC1,DB06153
Potassium perchlorate,[O-]Cl(=O)(=O)=O.[K+],DB09418
Monoethanolamine oleate,CCCCCCCCC=CCCCCCCCC(=O)O.C(CO)N,DB06689
avatrombopag,C1CCC(CC1)N2CCN(CC2)C3=C(N=C(S3)NC(=O)C4=CC(=C(N=C4)N5CCC(CC5)C(=O)O)Cl)C6=CC(=CS6)Cl,DB11995
CANGRELOR,CSCCNC1=C2C(=NC(=N1)SCCC(F)(F)F)N(C=N2)C3C(C(C(O3)COP(=O)(O)OP(=O)(C(P(=O)(O)O)(Cl)Cl)O)O)O,DB06441
potassium-canrenoate,CC12CCC(=O)C=C1C=CC3C2CCC4(C3CCC4(CCC(=O)O)O)C,DB09015
CHROMIUM,[Cr],DB11136
clinofibrate,CCC(C)(C(=O)O)OC1=CC=C(C=C1)C2(CCCCC2)C3=CC=C(C=C3)OC(C)(CC)C(=O)O,DB09006
dexlansoprazole,CC1=C(C=CN=C1CS(=O)C2=NC3=CC=CC=C3N2)OCC(F)(F)F,DB05351
DIHYDROERGOCRISTINE,CC(C)C1(C(=O)N2C(C(=O)N3CCCC3C2(O1)O)CC4=CC=CC=C4)NC(=O)C5CC6C(CC7=CNC8=CC=CC6=C78)N(C5)C,DB13345
eslicarbazepine-acetate,CC(=O)OC1CC2=CC=CC=C2N(C3=CC=CC=C13)C(=O)N,DB09119
GAMMA-AMINOBUTYRIC ACID,C(CC(=O)O)CN,DB02530
IRON DEXTRAN,OS(=O)(=O)O.[Fe],DB00893
Lauric acid,CCCCCCCCCCCC(O)=O,DB03017
NAFAMOSTAT,C1=CC(=CC=C1C(=O)OC2=CC3=C(C=C2)C=C(C=C3)C(=N)N)N=C(N)N,DB12598
OPICAPONE,CC1=C(C(=[N+](C(=C1Cl)C)[O-])Cl)C2=NOC(=N2)C3=CC(=C(C(=C3)O)O)[N+](=O)[O-],DB11632
perampanel,C1=CC=C(C=C1)N2C=C(C=C(C2=O)C3=CC=CC=C3C#N)C4=CC=CC=N4,DB08883
SUCROSE,C(C1C(C(C(C(O1)OC2(C(C(C(O2)CO)O)O)CO)O)O)O)O,DB02772
TETRACHLORODECAOXIDE,O.[O-]Cl=O.[O-]Cl=O.[O-]Cl=O.[O-]Cl=O.O=O,DB05389
vernakalant,COC1=C(C=C(C=C1)CCOC2CCCCC2N3CCC(C3)O)OC,DB06217
octanoic acid,CCCCCCCC(=O)O,DB04519
ridogrel,C1=CC(=CC(=C1)C(F)(F)F)C(=NOCCCCC(=O)O)C2=CN=CC=C2,DB01207
aceclofenac,C1=CC=C(C(=C1)CC(=O)OCC(=O)O)NC2=C(C=CC=C2Cl)Cl,DB06736
acemetacin,CC1=C(C2=C(N1C(=O)C3=CC=C(C=C3)Cl)C=CC(=C2)OC)CC(=O)OCC(=O)O,DB13783
alclofenac,C=CCOC1=C(C=C(C=C1)CC(=O)O)Cl,DB13167
alizapride,COC1=CC2=C(C=C1C(=O)NCC3CCCN3CC=C)NN=N2,DB01425
anagliptin,CC1=NN2C=C(C=NC2=C1)C(=O)NCC(C)(C)NCC(=O)N3CCCC3C#N,DB12417
arotinolol,CC(C)(C)NCC(CSC1=NC(=CS1)C2=CC=C(S2)C(=O)N)O,DB09204
benperidol,C1CN(CCC1N2C3=CC=CC=C3NC2=O)CCCC(=O)C4=CC=C(C=C4)F,DB12867
benzbromarone,CCC1=C(C2=CC=CC=C2O1)C(=O)C3=CC(=C(C(=C3)Br)O)Br,DB12319
bromopride,CCN(CC)CCNC(=O)C1=CC(=C(C=C1OC)N)Br,DB09018
bromperidol,C1CN(CCC1(C2=CC=C(C=C2)Br)O)CCCC(=O)C3=CC=C(C=C3)F,DB12401
candesartan,CCOC1=NC2=CC=CC(=C2N1CC3=CC=C(C=C3)C4=CC=CC=C4C5=NNN=N5)C(=O)O,DB13919
citicoline,C[N+](C)(C)CCOP(=O)([O-])OP(=O)(O)OCC1C(C(C(O1)N2C=CC(=NC2=O)N)O)O,DB12153
clodronic-acid,C(P(=O)(O)O)(P(=O)(O)O)(Cl)Cl,DB00720
clomethiazole,CC1=C(SC=N1)CCCl,DB06470
coumarin,C1=CC=C2C(=C1)C=CC(=O)O2,DB04665
diacerein,CC(=O)OC1=CC=CC2=C1C(=O)C3=C(C2=O)C=C(C=C3OC(=O)C)C(=O)O,DB11994
dienogest,CC12CCC3=C4CCC(=O)C=C4CCC3C1CCC2(CC#N)O,DB09123
dihydrotestosterone,CC12CCC(=O)CC1CCC3C2CCC4(C3CCC4O)C,DB02901
diosmin,CC1C(C(C(C(O1)OCC2C(C(C(C(O2)OC3=CC(=C4C(=C3)OC(=CC4=O)C5=CC(=C(C=C5)OC)O)O)O)O)O)O)O)O,DB08995
doxifluridine,CC1C(C(C(O1)N2C=C(C(=O)NC2=O)F)O)O,DB12947
droperidol,C1CN(CC=C1N2C3=CC=CC=C3NC2=O)CCCC(=O)C4=CC=C(C=C4)F,DB00450
droxicam,CN1C2=C(C3=CC=CC=C3S1(=O)=O)OC(=O)N(C2=O)C4=CC=CC=N4,DB09215
ebastine,CC(C)(C)C1=CC=C(C=C1)C(=O)CCCN2CCC(CC2)OC(C3=CC=CC=C3)C4=CC=CC=C4,DB11742
edaravone,CC1=NN(C(=O)C1)C2=CC=CC=C2,DB12243
edrophonium,CC[N+](C)(C)C1=CC(=CC=C1)O,DB01010
eperisone,CCC1=CC=C(C=C1)C(=O)C(C)CN2CCCCC2,DB08992
ethoxzolamide,CCOC1=CC2=C(C=C1)N=C(S2)S(=O)(=O)N,DB00311
etifoxine,CCN=C1NC2=C(C=C(C=C2)Cl)C(O1)(C)C3=CC=CC=C3,DB08986
firocoxib,CC1(C(=C(C(=O)O1)OCC2CC2)C3=CC=C(C=C3)S(=O)(=O)C)C,DB09217
fleroxacin,CN1CCN(CC1)C2=C(C=C3C(=C2F)N(C=C(C3=O)C(=O)O)CCF)F,DB04576
flunarizine,C1CN(CCN1CC=CC2=CC=CC=C2)C(C3=CC=C(C=C3)F)C4=CC=C(C=C4)F,DB04841
fotemustine,CCOP(=O)(C(C)NC(=O)N(CCCl)N=O)OCC,DB04106
gabexate,CCOC(=O)C1=CC=C(C=C1)OC(=O)CCCCCN=C(N)N,DB12831
gestrinone,CCC12C=CC3=C4CCC(=O)C=C4CCC3C1CCC2(C#C)O,DB11619
halofuginone,C1CC(C(NC1)CC(=O)CN2C=NC3=CC(=C(C=C3C2=O)Cl)Br)O,DB04866
iguratimod,CS(=O)(=O)NC1=C(C=C2C(=C1)OC=C(C2=O)NC=O)OC3=CC=CC=C3,DB12233
imidapril,CCOC(=O)C(CCC1=CC=CC=C1)NC(C)C(=O)N2C(CN(C2=O)C)C(=O)O,DB11783
isoetharine,CCC(C(C1=CC(=C(C=C1)O)O)O)NC(C)C,DB00221
istradefylline,CCN1C2=C(C(=O)N(C1=O)CC)N(C(=N2)C=CC3=CC(=C(C=C3)OC)OC)C,DB11757
itopride,CN(C)CCOC1=CC=C(C=C1)CNC(=O)C2=CC(=C(C=C2)OC)OC,DB04924
lasofoxifene,C1CCN(C1)CCOC2=CC=C(C=C2)C3C(CCC4=C3C=CC(=C4)O)C5=CC=CC=C5,DB06202
levomepromazine,CC(CN1C2=CC=CC=C2SC3=C1C=C(C=C3)OC)CN(C)C,DB01403
mephenytoin,CCC1(C(=O)N(C(=O)N1)C)C2=CC=CC=C2,DB00532
mirodenafil,CCCC1=CN(C2=C1N=C(NC2=O)C3=C(C=CC(=C3)S(=O)(=O)N4CCN(CC4)CCO)OCCC)CC,DB11792
mizolastine,CN(C1CCN(CC1)C2=NC3=CC=CC=C3N2CC4=CC=C(C=C4)F)C5=NC=CC(=O)N5,DB12523
molsidomine,CCOC(=NC1=C[N+](=NO1)N2CCOCC2)[O-],DB09282
mosapride,CCOC1=CC(=C(C=C1C(=O)NCC2CN(CCO2)CC3=CC=C(C=C3)F)Cl)N,DB11675
nalmefene,C=C1CCC2(C3CC4=C5C2(C1OC5=C(C=C4)O)CCN3CC6CC6)O,DB06230
nandrolone,CC12CCC3C(C1CCC2O)CCC4=CC(=O)CCC34,DB13169
ozagrel,C1=CC(=CC=C1CN2C=CN=C2)C=CC(=O)O,DB12017
perhexiline,C1CCC(CC1)C(CC2CCCCN2)C3CCCCC3,DB01074
pinaverium,CC1(C2CCC(C1C2)CCOCC[N+]3(CCOCC3)CC4=CC(=C(C=C4Br)OC)OC)C,DB09090
pipamperone,C1CCN(CC1)C2(CCN(CC2)CCCC(=O)C3=CC=C(C=C3)F)C(=O)N,DB09286
piretanide,C1CCN(C1)C2=C(C(=CC(=C2)C(=O)O)S(=O)(=O)N)OC3=CC=CC=C3,DB02925
pirfenidone,CC1=CN(C(=O)C=C1)C2=CC=CC=C2,DB04951
piribedil,C1CN(CCN1CC2=CC3=C(C=C2)OCO3)C4=NC=CC=N4,DB12478
propacetamol,CCN(CC)CC(=O)OC1=CC=C(C=C1)NC(=O)C,DB09288
propentofylline,CCCN1C=NC2=C1C(=O)N(C(=O)N2C)CCCCC(=O)C,DB06479
propiverine,CCCOC(C1=CC=CC=C1)(C2=CC=CC=C2)C(=O)OC3CCN(CC3)C,DB12278
quercetin,C1=CC(=C(C=C1C2=C(C(=O)C3=C(C=C(C=C3O2)O)O)O)O)O,DB04216
quinagolide,CCCN1CC(CC2C1CC3=C(C2)C(=CC=C3)O)NS(=O)(=O)N(CC)CC,DB09097
racecadotril,CC(=O)SCC(CC1=CC=CC=C1)C(=O)NCC(=O)OCC2=CC=CC=C2,DB11696
rebamipide,C1=CC=C2C(=C1)C(=CC(=O)N2)CC(C(=O)O)NC(=O)C3=CC=C(C=C3)Cl,DB11656
rifamycin,CC1C=CC=C(C(=O)NC2=CC(=C3C(=C2O)C(=C(C4=C3C(=O)C(O4)(OC=CC(C(C(C(C(C(C1O)C)O)C)OC(=O)C)C)OC)C)C)O)O)C,DB11753
rupatadine,CC1=CC(=CN=C1)CN2CCC(=C3C4=C(CCC5=C3N=CC=C5)C=C(C=C4)Cl)CC2,DB11614
rutin,CC1C(C(C(C(O1)OCC2C(C(C(C(O2)OC3=C(OC4=CC(=CC(=C4C3=O)O)O)C5=CC(=C(C=C5)O)O)O)O)O)O)O)O,DB01698
sarpogrelate,CN(C)CC(COC1=CC=CC=C1CCC2=CC(=CC=C2)OC)OC(=O)CCC(=O)O,DB12163
serotonin,C1=CC2=C(C=C1O)C(=CN2)CCN,DB08839
sivelestat,CC(C)(C)C(=O)OC1=CC=C(C=C1)S(=O)(=O)NC2=CC=CC=C2C(=O)NCC(=O)O,DB12863
tacrine,C1CCC2=NC3=CC=CC=C3C(=C2C1)N,DB00382
tandospirone,C1CC2CC1C3C2C(=O)N(C3=O)CCCCN4CCN(CC4)C5=NC=CC=N5,DB12833
taurine,C(CS(=O)(=O)O)N,DB01956
tezacaftor,CC(C)(CO)C1=CC2=CC(=C(C=C2N1CC(CO)O)F)NC(=O)C3(CC3)C4=CC5=C(C=C4)OC(O5)(F)F,DB11712
thiethylperazine,CCSC1=CC2=C(C=C1)SC3=CC=CC=C3N2CCCN4CCN(CC4)C,DB00372
thioproperazine,CN1CCN(CC1)CCCN2C3=CC=CC=C3SC4=C2C=C(C=C4)S(=O)(=O)N(C)C,DB01622
tianeptine,CN1C2=CC=CC=C2C(C3=C(S1(=O)=O)C=C(C=C3)Cl)NCCCCCCC(=O)O,DB09289
tibolone,CC1CC2=C(CCC(=O)C2)C3C1C4CCC(C4(CC3)C)(C#C)O,DB09070
tolperisone,CC1=CC=C(C=C1)C(=O)C(C)CN2CCCCC2,DB06264
topiroxostat,C1=CN=CC=C1C2=NC(=NN2)C3=CC(=NC=C3)C#N,DB01685
trapidil,CCN(CC)C1=CC(=NC2=NC=NN12)C,DB09283
trimebutine,CCC(COC(=O)C1=CC(=C(C(=C1)OC)OC)OC)(C2=CC=CC=C2)N(C)C,DB09089
trimetazidine,COC1=C(C(=C(C=C1)CN2CCNCC2)OC)OC,DB09069
tryptophan,C1=CC=C2C(=C1)C(=CN2)CC(C(=O)O)N,DB00150
tulobuterol,CC(C)(C)NCC(C1=CC=CC=C1Cl)O,DB12248
vemurafenib,CCCS(=O)(=O)NC1=C(C(=C(C=C1)F)C(=O)C2=CNC3=C2C=C(C=N3)C4=CC=C(C=C4)Cl)F,DB08881
vesnarinone,COC1=C(C=C(C=C1)C(=O)N2CCN(CC2)C3=CC4=C(C=C3)NC(=O)CC4)OC,DB12082
zotepine,CN(C)CCOC1=CC2=CC=CC=C2SC3=C1C=C(C=C3)Cl,DB09225
zuclopenthixol,C1CN(CCN1CCC=C2C3=CC=CC=C3SC4=C2C=C(C=C4)Cl)CCO,DB01624